<metadata xml:lang="en"><Esri><CreaDate>20241029</CreaDate><CreaTime>09562600</CreaTime><ArcGISFormat>1.0</ArcGISFormat><SyncOnce>FALSE</SyncOnce><DataProperties><itemProps><itemName Sync="TRUE">Counties</itemName><imsContentType Sync="TRUE">002</imsContentType><itemLocation><linkage Sync="TRUE">file://\\GIS04\K$\Professional\Masters\Course Information\GEOG575\Lab 2\Unit-3\newdata\Counties.shp</linkage><protocol Sync="TRUE">Local Area Network</protocol></itemLocation><itemSize Sync="TRUE">0.000</itemSize></itemProps><coordRef><type Sync="TRUE">Geographic</type><geogcsn Sync="TRUE">GCS_WGS_1984</geogcsn><csUnits Sync="TRUE">Angular Unit: Degree (0.017453)</csUnits><peXml Sync="TRUE">&lt;GeographicCoordinateSystem xsi:type='typens:GeographicCoordinateSystem' xmlns:xsi='http://www.w3.org/2001/XMLSchema-instance' xmlns:xs='http://www.w3.org/2001/XMLSchema' xmlns:typens='http://www.esri.com/schemas/ArcGIS/3.1.0'&gt;&lt;WKT&gt;GEOGCS[&amp;quot;GCS_WGS_1984&amp;quot;,DATUM[&amp;quot;D_WGS_1984&amp;quot;,SPHEROID[&amp;quot;WGS_1984&amp;quot;,6378137.0,298.257223563]],PRIMEM[&amp;quot;Greenwich&amp;quot;,0.0],UNIT[&amp;quot;Degree&amp;quot;,0.0174532925199433],AUTHORITY[&amp;quot;EPSG&amp;quot;,4326]]&lt;/WKT&gt;&lt;XOrigin&gt;-400&lt;/XOrigin&gt;&lt;YOrigin&gt;-400&lt;/YOrigin&gt;&lt;XYScale&gt;11258999068426.238&lt;/XYScale&gt;&lt;ZOrigin&gt;-100000&lt;/ZOrigin&gt;&lt;ZScale&gt;10000&lt;/ZScale&gt;&lt;MOrigin&gt;-100000&lt;/MOrigin&gt;&lt;MScale&gt;10000&lt;/MScale&gt;&lt;XYTolerance&gt;8.983152841195215e-09&lt;/XYTolerance&gt;&lt;ZTolerance&gt;0.001&lt;/ZTolerance&gt;&lt;MTolerance&gt;0.001&lt;/MTolerance&gt;&lt;HighPrecision&gt;true&lt;/HighPrecision&gt;&lt;LeftLongitude&gt;-180&lt;/LeftLongitude&gt;&lt;WKID&gt;4326&lt;/WKID&gt;&lt;LatestWKID&gt;4326&lt;/LatestWKID&gt;&lt;/GeographicCoordinateSystem&gt;</peXml></coordRef><lineage><Process ToolSource="c:\program files\arcgis\pro\Resources\ArcToolbox\toolboxes\Conversion Tools.tbx\ExportFeatures" Date="20241028" Time="125402">ExportFeatures "County Health Rankings 2022\County" "K:\Professional\Masters\Course Information\GEOG575\Lab 2\Lab 2 Data.gdb\County_HealthData2022" # NOT_USE_ALIAS "FIPS "County FIPS" true true false 5 Text 0 0,First,#,County Health Rankings 2022\County,FIPS,0,5;STATE "State" true true false 2 Text 0 0,First,#,County Health Rankings 2022\County,STATE,0,2;county "Name" true true false 2147483647 Text 0 0,First,#,County Health Rankings 2022\County,county,0,2147483647;county_ranked "County Ranked (Yes=1, No=0)" true true false 0 Long 0 0,First,#,County Health Rankings 2022\County,county_ranked,-1,-1;v001_rawvalue "Premature death" true true false 0 Double 0 0,First,#,County Health Rankings 2022\County,v001_rawvalue,-1,-1;v001_numerator "Number of years of potential life lost for deaths under 75 over 3 years" true true false 0 Long 0 0,First,#,County Health Rankings 2022\County,v001_numerator,-1,-1;v001_denominator "Aggregate population under age 75 over 3 years reporting for premature death" true true false 0 Long 0 0,First,#,County Health Rankings 2022\County,v001_denominator,-1,-1;v001_flag "Premature death flag (0 = No Flag, 1=Unreliable, 2=Suppressed)" true true false 0 Long 0 0,First,#,County Health Rankings 2022\County,v001_flag,-1,-1;v001_race_aian "Premature death (American Indian/Alaska Native)" true true false 0 Double 0 0,First,#,County Health Rankings 2022\County,v001_race_aian,-1,-1;v001_race_aian_flag "Premature death flag (American Indian/Alaska Native) (. = No Flag, 1=Unreliable, 2=Suppressed)" true true false 0 Long 0 0,First,#,County Health Rankings 2022\County,v001_race_aian_flag,-1,-1;v001_race_asian "Premature death (Asian/Pacific Islander)" true true false 0 Double 0 0,First,#,County Health Rankings 2022\County,v001_race_asian,-1,-1;v001_race_asian_flag "Premature death flag (Asian/Pacific Islander) (. = No Flag, 1=Unreliable, 2=Suppressed)" true true false 0 Long 0 0,First,#,County Health Rankings 2022\County,v001_race_asian_flag,-1,-1;v001_race_black "Premature death (Black)" true true false 0 Double 0 0,First,#,County Health Rankings 2022\County,v001_race_black,-1,-1;v001_race_black_flag "Premature death flag (Black) (. = No Flag, 1=Unreliable, 2=Suppressed)" true true false 0 Long 0 0,First,#,County Health Rankings 2022\County,v001_race_black_flag,-1,-1;v001_race_hispanic "Premature death (Hispanic)" true true false 0 Double 0 0,First,#,County Health Rankings 2022\County,v001_race_hispanic,-1,-1;v001_race_hispanic_flag "Premature death flag (Hispanic) (. = No Flag, 1=Unreliable, 2=Suppressed)" true true false 0 Long 0 0,First,#,County Health Rankings 2022\County,v001_race_hispanic_flag,-1,-1;v001_race_white "Premature death (White)" true true false 0 Double 0 0,First,#,County Health Rankings 2022\County,v001_race_white,-1,-1;v001_race_white_flag "Premature death flag (White) (. = No Flag, 1=Unreliable, 2=Suppressed)" true true false 0 Long 0 0,First,#,County Health Rankings 2022\County,v001_race_white_flag,-1,-1;v002_rawvalue "% Poor or fair health" true true false 0 Double 0 0,First,#,County Health Rankings 2022\County,v002_rawvalue,-1,-1;v002_numerator "Respondents reporting poor or fair health" true true false 0 Long 0 0,First,#,County Health Rankings 2022\County,v002_numerator,-1,-1;v002_denominator "Total number of adult respondents reporting for health" true true false 0 Long 0 0,First,#,County Health Rankings 2022\County,v002_denominator,-1,-1;v036_rawvalue "Poor physical health days" true true false 0 Double 0 0,First,#,County Health Rankings 2022\County,v036_rawvalue,-1,-1;v042_rawvalue "Average number of poor mental health days" true true false 0 Double 0 0,First,#,County Health Rankings 2022\County,v042_rawvalue,-1,-1;v042_numerator "Number of mentally unhealthy days" true true false 0 Long 0 0,First,#,County Health Rankings 2022\County,v042_numerator,-1,-1;v042_denominator "Total number of respondents reporting for mental health" true true false 0 Long 0 0,First,#,County Health Rankings 2022\County,v042_denominator,-1,-1;v037_rawvalue "% Low birthweight" true true false 0 Double 0 0,First,#,County Health Rankings 2022\County,v037_rawvalue,-1,-1;v037_numerator "Number of low birthweight live births" true true false 0 Long 0 0,First,#,County Health Rankings 2022\County,v037_numerator,-1,-1;v037_denominator "Total number of live births (for low birthweight)" true true false 0 Long 0 0,First,#,County Health Rankings 2022\County,v037_denominator,-1,-1;v037_flag "Low birthweight unreliable indicator (Unreliable = Numerator &lt; 20 or relative standard error &gt; 20%)" true true false 0 Long 0 0,First,#,County Health Rankings 2022\County,v037_flag,-1,-1;v037_race_aian "% Low birthweight (American Indian/Alaska Native)" true true false 0 Double 0 0,First,#,County Health Rankings 2022\County,v037_race_aian,-1,-1;v037_race_asian "% Low birthweight (Asian/Pacific Islander)" true true false 0 Double 0 0,First,#,County Health Rankings 2022\County,v037_race_asian,-1,-1;v037_race_black "% Low birthweight (Black)" true true false 0 Double 0 0,First,#,County Health Rankings 2022\County,v037_race_black,-1,-1;v037_race_hispanic "% Low birthweight (Hispanic)" true true false 0 Double 0 0,First,#,County Health Rankings 2022\County,v037_race_hispanic,-1,-1;v037_race_white "% Low birthweight (White)" true true false 0 Double 0 0,First,#,County Health Rankings 2022\County,v037_race_white,-1,-1;v009_rawvalue "% Adult smoking" true true false 0 Double 0 0,First,#,County Health Rankings 2022\County,v009_rawvalue,-1,-1;v009_numerator "Adult respondents reporting as current smokers" true true false 0 Long 0 0,First,#,County Health Rankings 2022\County,v009_numerator,-1,-1;v009_denominator "Total number of adult respondents reporting for smoking" true true false 0 Long 0 0,First,#,County Health Rankings 2022\County,v009_denominator,-1,-1;v011_rawvalue "% Adult obesity" true true false 0 Double 0 0,First,#,County Health Rankings 2022\County,v011_rawvalue,-1,-1;v011_numerator "Number of respondents age 18 and older reporting a BMI 30+" true true false 0 Long 0 0,First,#,County Health Rankings 2022\County,v011_numerator,-1,-1;v011_denominator "Total number of respondents age 18 and older reporting for obesity" true true false 0 Long 0 0,First,#,County Health Rankings 2022\County,v011_denominator,-1,-1;v133_rawvalue "Food environment index" true true false 0 Double 0 0,First,#,County Health Rankings 2022\County,v133_rawvalue,-1,-1;v070_rawvalue "% of adults age 18 and over reporting no leisure-time physical activity" true true false 0 Double 0 0,First,#,County Health Rankings 2022\County,v070_rawvalue,-1,-1;v070_numerator "Adults age 18 and over reporting no leisure-time physical activity" true true false 0 Long 0 0,First,#,County Health Rankings 2022\County,v070_numerator,-1,-1;v070_denominator "Adults age 18 and over" true true false 0 Long 0 0,First,#,County Health Rankings 2022\County,v070_denominator,-1,-1;v132_rawvalue "% of population with adequate access to locations for physical activity" true true false 0 Double 0 0,First,#,County Health Rankings 2022\County,v132_rawvalue,-1,-1;v132_numerator "Total 2010 household population living in census blocks with adequate access to at least one location for physical activity" true true false 0 Long 0 0,First,#,County Health Rankings 2022\County,v132_numerator,-1,-1;v132_denominator "Resident county population" true true false 0 Long 0 0,First,#,County Health Rankings 2022\County,v132_denominator,-1,-1;v049_rawvalue "% Excessive drinking" true true false 0 Double 0 0,First,#,County Health Rankings 2022\County,v049_rawvalue,-1,-1;v049_numerator "Number of adults reporting excessive drinking" true true false 0 Long 0 0,First,#,County Health Rankings 2022\County,v049_numerator,-1,-1;v049_denominator "Total number of adult respondents reporting for excessive drinking" true true false 0 Long 0 0,First,#,County Health Rankings 2022\County,v049_denominator,-1,-1;v134_rawvalue "% of driving deaths with alcohol involvement" true true false 0 Double 0 0,First,#,County Health Rankings 2022\County,v134_rawvalue,-1,-1;v134_numerator "Total number of motor vehicle crash deaths" true true false 0 Long 0 0,First,#,County Health Rankings 2022\County,v134_numerator,-1,-1;v134_denominator "Total number of alcohol-impaired motor vehicle crash deaths" true true false 0 Long 0 0,First,#,County Health Rankings 2022\County,v134_denominator,-1,-1;v045_rawvalue "Sexually transmitted infections per 100,000" true true false 0 Double 0 0,First,#,County Health Rankings 2022\County,v045_rawvalue,-1,-1;v045_numerator "Number of sexually transmitted infections" true true false 0 Long 0 0,First,#,County Health Rankings 2022\County,v045_numerator,-1,-1;v045_denominator "Total population reporting for sexually transmitted infections" true true false 0 Long 0 0,First,#,County Health Rankings 2022\County,v045_denominator,-1,-1;v014_rawvalue "Teen births per 1,000" true true false 0 Double 0 0,First,#,County Health Rankings 2022\County,v014_rawvalue,-1,-1;v014_numerator "Females age 15-19 who had a birth" true true false 0 Long 0 0,First,#,County Health Rankings 2022\County,v014_numerator,-1,-1;v014_denominator "Total females age 15-19" true true false 0 Long 0 0,First,#,County Health Rankings 2022\County,v014_denominator,-1,-1;v014_race_aian "Teen births per 1,000 (American Indian/Alaska Native)" true true false 0 Double 0 0,First,#,County Health Rankings 2022\County,v014_race_aian,-1,-1;v014_race_asian "Teen births per 1,000 (Asian/Pacific Islander)" true true false 0 Double 0 0,First,#,County Health Rankings 2022\County,v014_race_asian,-1,-1;v014_race_black "Teen births per 1,000 (Black)" true true false 0 Double 0 0,First,#,County Health Rankings 2022\County,v014_race_black,-1,-1;v014_race_hispanic "Teen births per 1,000 (Hispanic)" true true false 0 Double 0 0,First,#,County Health Rankings 2022\County,v014_race_hispanic,-1,-1;v014_race_white "Teen births per 1,000 (White)" true true false 0 Double 0 0,First,#,County Health Rankings 2022\County,v014_race_white,-1,-1;v085_rawvalue "% of population under age 65 without health insurance" true true false 0 Double 0 0,First,#,County Health Rankings 2022\County,v085_rawvalue,-1,-1;v085_numerator "Number of people currently uninsured in the county under the age of 65" true true false 0 Long 0 0,First,#,County Health Rankings 2022\County,v085_numerator,-1,-1;v085_denominator "Number of people in the county under age 65" true true false 0 Long 0 0,First,#,County Health Rankings 2022\County,v085_denominator,-1,-1;v004_rawvalue "Primary care physicians per 100,000" true true false 0 Double 0 0,First,#,County Health Rankings 2022\County,v004_rawvalue,-1,-1;v004_numerator "Number of primary care physicians" true true false 0 Long 0 0,First,#,County Health Rankings 2022\County,v004_numerator,-1,-1;v004_denominator "Total population reporting for primary care physicians" true true false 0 Long 0 0,First,#,County Health Rankings 2022\County,v004_denominator,-1,-1;v004_other_data_1 "Ratio of population to primary care physicians" true true false 0 Double 0 0,First,#,County Health Rankings 2022\County,v004_other_data_1,-1,-1;v088_rawvalue "Dentists per 100,000" true true false 0 Double 0 0,First,#,County Health Rankings 2022\County,v088_rawvalue,-1,-1;v088_numerator "Number of dentists" true true false 0 Long 0 0,First,#,County Health Rankings 2022\County,v088_numerator,-1,-1;v088_denominator "Total population from Area Health Resource File/National Provider Identification file" true true false 0 Long 0 0,First,#,County Health Rankings 2022\County,v088_denominator,-1,-1;v088_other_data_1 "Ratio of population to dentists." true true false 0 Double 0 0,First,#,County Health Rankings 2022\County,v088_other_data_1,-1,-1;v062_rawvalue "Mental health providers per 100,000" true true false 0 Double 0 0,First,#,County Health Rankings 2022\County,v062_rawvalue,-1,-1;v062_numerator "Number of mental health providers" true true false 0 Long 0 0,First,#,County Health Rankings 2022\County,v062_numerator,-1,-1;v062_denominator "Total population reporting for mental health providers" true true false 0 Long 0 0,First,#,County Health Rankings 2022\County,v062_denominator,-1,-1;v062_other_data_1 "Ratio of population to mental health providers." true true false 0 Double 0 0,First,#,County Health Rankings 2022\County,v062_other_data_1,-1,-1;v005_rawvalue "Preventable hospital stays" true true false 0 Long 0 0,First,#,County Health Rankings 2022\County,v005_rawvalue,-1,-1;v005_numerator "Number of discharges of preventable hospital stays for Medicare beneficiaries" true true false 0 Long 0 0,First,#,County Health Rankings 2022\County,v005_numerator,-1,-1;v005_denominator "Total Medicare beneficiaries" true true false 0 Long 0 0,First,#,County Health Rankings 2022\County,v005_denominator,-1,-1;v005_race_aian "Preventable hospital stays (American Indian/Alaska Native)" true true false 0 Long 0 0,First,#,County Health Rankings 2022\County,v005_race_aian,-1,-1;v005_race_asian "Preventable hospital stays (Asian/Pacific Islander)" true true false 0 Long 0 0,First,#,County Health Rankings 2022\County,v005_race_asian,-1,-1;v005_race_black "Preventable hospital stays (Black)" true true false 0 Long 0 0,First,#,County Health Rankings 2022\County,v005_race_black,-1,-1;v005_race_hispanic "Preventable hospital stays (Hispanic)" true true false 0 Long 0 0,First,#,County Health Rankings 2022\County,v005_race_hispanic,-1,-1;v005_race_white "Preventable hospital stays (White)" true true false 0 Long 0 0,First,#,County Health Rankings 2022\County,v005_race_white,-1,-1;v050_rawvalue "% Mammography screening" true true false 0 Long 0 0,First,#,County Health Rankings 2022\County,v050_rawvalue,-1,-1;v050_numerator "Number of women who had a mammogram" true true false 0 Long 0 0,First,#,County Health Rankings 2022\County,v050_numerator,-1,-1;v050_denominator "Total female Medicare beneficiaries" true true false 0 Long 0 0,First,#,County Health Rankings 2022\County,v050_denominator,-1,-1;v050_race_aian "% Mammography screening (American Indian/Alaska Native)" true true false 0 Long 0 0,First,#,County Health Rankings 2022\County,v050_race_aian,-1,-1;v050_race_asian "% Mammography screening (Asian/Pacific Islander)" true true false 0 Long 0 0,First,#,County Health Rankings 2022\County,v050_race_asian,-1,-1;v050_race_black "% Mammography screening (Black)" true true false 0 Long 0 0,First,#,County Health Rankings 2022\County,v050_race_black,-1,-1;v050_race_hispanic "% Mammography screening (Hispanic)" true true false 0 Long 0 0,First,#,County Health Rankings 2022\County,v050_race_hispanic,-1,-1;v050_race_white "% Mammography screening (White)" true true false 0 Long 0 0,First,#,County Health Rankings 2022\County,v050_race_white,-1,-1;v155_rawvalue "% Flu vaccinations" true true false 0 Long 0 0,First,#,County Health Rankings 2022\County,v155_rawvalue,-1,-1;v155_numerator "Number of Medicare beneficiaries enrolled in fee-for-service Medicare Part B for at least one month of the selected year and who have received a covered influenza vaccine in the last year" true true false 0 Long 0 0,First,#,County Health Rankings 2022\County,v155_numerator,-1,-1;v155_denominator "Medicare beneficiaries enrolled in fee-for-service Medicare Part B for at least one month of the selected year" true true false 0 Long 0 0,First,#,County Health Rankings 2022\County,v155_denominator,-1,-1;v155_race_aian "% Flu vaccinations (American Indian/Alaska Native)" true true false 0 Long 0 0,First,#,County Health Rankings 2022\County,v155_race_aian,-1,-1;v155_race_asian "% Flu vaccinations (Asian/Pacific Islander)" true true false 0 Long 0 0,First,#,County Health Rankings 2022\County,v155_race_asian,-1,-1;v155_race_black "% Flu vaccinations (Black)" true true false 0 Long 0 0,First,#,County Health Rankings 2022\County,v155_race_black,-1,-1;v155_race_hispanic "% Flu vaccinations (Hispanic)" true true false 0 Long 0 0,First,#,County Health Rankings 2022\County,v155_race_hispanic,-1,-1;v155_race_white "% Flu vaccinations (White)" true true false 0 Long 0 0,First,#,County Health Rankings 2022\County,v155_race_white,-1,-1;v168_rawvalue "% High school completion" true true false 0 Double 0 0,First,#,County Health Rankings 2022\County,v168_rawvalue,-1,-1;v168_numerator "Number of people with at least a high school diploma" true true false 0 Long 0 0,First,#,County Health Rankings 2022\County,v168_numerator,-1,-1;v168_denominator "Total population reporting for high school completion" true true false 0 Long 0 0,First,#,County Health Rankings 2022\County,v168_denominator,-1,-1;v069_rawvalue "% of adults ages 25-44 with some post-secondary education" true true false 0 Double 0 0,First,#,County Health Rankings 2022\County,v069_rawvalue,-1,-1;v069_numerator "Adults ages 25-44 with some post-secondary education" true true false 0 Long 0 0,First,#,County Health Rankings 2022\County,v069_numerator,-1,-1;v069_denominator "Adults ages 25-44" true true false 0 Long 0 0,First,#,County Health Rankings 2022\County,v069_denominator,-1,-1;v023_rawvalue "% Unemployment" true true false 0 Double 0 0,First,#,County Health Rankings 2022\County,v023_rawvalue,-1,-1;v023_numerator "Number of unemployed people seeking work" true true false 0 Long 0 0,First,#,County Health Rankings 2022\County,v023_numerator,-1,-1;v023_denominator "Total number of people in civilian labor force age 16+" true true false 0 Long 0 0,First,#,County Health Rankings 2022\County,v023_denominator,-1,-1;v024_rawvalue "% Children in poverty" true true false 0 Double 0 0,First,#,County Health Rankings 2022\County,v024_rawvalue,-1,-1;v024_numerator "Number of children in household below poverty level" true true false 0 Long 0 0,First,#,County Health Rankings 2022\County,v024_numerator,-1,-1;v024_denominator "Total number of children reporting for poverty level" true true false 0 Long 0 0,First,#,County Health Rankings 2022\County,v024_denominator,-1,-1;v024_race_aian "% Children in poverty (American Indian/Alaska Native)" true true false 0 Double 0 0,First,#,County Health Rankings 2022\County,v024_race_aian,-1,-1;v024_race_asian "% Children in poverty (Asian/Pacific Islander)" true true false 0 Double 0 0,First,#,County Health Rankings 2022\County,v024_race_asian,-1,-1;v024_race_black "% Children in poverty (Black)" true true false 0 Double 0 0,First,#,County Health Rankings 2022\County,v024_race_black,-1,-1;v024_race_hispanic "% Children in poverty (Hispanic)" true true false 0 Double 0 0,First,#,County Health Rankings 2022\County,v024_race_hispanic,-1,-1;v024_race_white "% Children in poverty (White)" true true false 0 Double 0 0,First,#,County Health Rankings 2022\County,v024_race_white,-1,-1;v044_rawvalue "Income inequality ratio of income at 80th percentile to 20th percentile" true true false 0 Double 0 0,First,#,County Health Rankings 2022\County,v044_rawvalue,-1,-1;v044_numerator "80th percentile of median household income" true true false 0 Long 0 0,First,#,County Health Rankings 2022\County,v044_numerator,-1,-1;v044_denominator "20th percentile of median household income" true true false 0 Long 0 0,First,#,County Health Rankings 2022\County,v044_denominator,-1,-1;v082_rawvalue "% of children that live in a household headed by single parent" true true false 0 Double 0 0,First,#,County Health Rankings 2022\County,v082_rawvalue,-1,-1;v082_numerator "Number of children in family households where the household is headed by a single parent" true true false 0 Long 0 0,First,#,County Health Rankings 2022\County,v082_numerator,-1,-1;v082_denominator "Number of children living in family households" true true false 0 Long 0 0,First,#,County Health Rankings 2022\County,v082_denominator,-1,-1;v140_rawvalue "Number of membership associations per 10,000 population" true true false 0 Double 0 0,First,#,County Health Rankings 2022\County,v140_rawvalue,-1,-1;v140_numerator "Total number of membership associations in a county" true true false 0 Long 0 0,First,#,County Health Rankings 2022\County,v140_numerator,-1,-1;v140_denominator "Total resident population of a county" true true false 0 Long 0 0,First,#,County Health Rankings 2022\County,v140_denominator,-1,-1;v043_rawvalue "Violent crime offenses per 100,000" true true false 0 Double 0 0,First,#,County Health Rankings 2022\County,v043_rawvalue,-1,-1;v043_numerator "Number of violent crimes" true true false 0 Double 0 0,First,#,County Health Rankings 2022\County,v043_numerator,-1,-1;v043_denominator "Total county population which reported crimes" true true false 0 Double 0 0,First,#,County Health Rankings 2022\County,v043_denominator,-1,-1;v135_rawvalue "Number of deaths due to injury per 100,000 population" true true false 0 Double 0 0,First,#,County Health Rankings 2022\County,v135_rawvalue,-1,-1;v135_numerator "Number of injury deaths with an underlying cause of injury" true true false 0 Long 0 0,First,#,County Health Rankings 2022\County,v135_numerator,-1,-1;v135_denominator "Aggregate annual population" true true false 0 Long 0 0,First,#,County Health Rankings 2022\County,v135_denominator,-1,-1;v135_race_aian "Number of American Indian/Alaska Native deaths due to injury per 100,000 population" true true false 0 Double 0 0,First,#,County Health Rankings 2022\County,v135_race_aian,-1,-1;v135_race_asian "Number of Asian/Pacific Islander deaths due to injury per 100,000 population" true true false 0 Double 0 0,First,#,County Health Rankings 2022\County,v135_race_asian,-1,-1;v135_race_black "Number of Black deaths due to injury per 100,000 population" true true false 0 Double 0 0,First,#,County Health Rankings 2022\County,v135_race_black,-1,-1;v135_race_hispanic "Number of Hispanic deaths due to injury per 100,000 population" true true false 0 Double 0 0,First,#,County Health Rankings 2022\County,v135_race_hispanic,-1,-1;v135_race_white "Number of white deaths due to injury per 100,000 population" true true false 0 Double 0 0,First,#,County Health Rankings 2022\County,v135_race_white,-1,-1;v125_rawvalue "Average daily density of fine particulate matter in micrograms per cubic meter (PM2.5)" true true false 0 Double 0 0,First,#,County Health Rankings 2022\County,v125_rawvalue,-1,-1;v124_rawvalue "Drinking water violations" true true false 0 Long 0 0,First,#,County Health Rankings 2022\County,v124_rawvalue,-1,-1;v136_rawvalue "% of households with severe housing problems" true true false 0 Double 0 0,First,#,County Health Rankings 2022\County,v136_rawvalue,-1,-1;v136_numerator "Number of households in a county with at least one of the above housing problems." true true false 0 Long 0 0,First,#,County Health Rankings 2022\County,v136_numerator,-1,-1;v136_denominator "Total number of households in a county" true true false 0 Long 0 0,First,#,County Health Rankings 2022\County,v136_denominator,-1,-1;v136_other_data_1 "% of households with high housing costs" true true false 0 Double 0 0,First,#,County Health Rankings 2022\County,v136_other_data_1,-1,-1;v136_other_data_2 "% of households with overcrowding" true true false 0 Double 0 0,First,#,County Health Rankings 2022\County,v136_other_data_2,-1,-1;v136_other_data_3 "% of households with lack of kitchen or plumbing facilities" true true false 0 Double 0 0,First,#,County Health Rankings 2022\County,v136_other_data_3,-1,-1;v067_rawvalue "% Driving alone to work" true true false 0 Double 0 0,First,#,County Health Rankings 2022\County,v067_rawvalue,-1,-1;v067_numerator "Number of workers driving alone to work" true true false 0 Long 0 0,First,#,County Health Rankings 2022\County,v067_numerator,-1,-1;v067_denominator "Total workforce reporting for driving to work " true true false 0 Long 0 0,First,#,County Health Rankings 2022\County,v067_denominator,-1,-1;v067_race_aian "% Driving alone to work (American Indian/Alaska Native)" true true false 0 Double 0 0,First,#,County Health Rankings 2022\County,v067_race_aian,-1,-1;v067_race_asian "% Driving alone to work (Asian/Pacific Islander)" true true false 0 Double 0 0,First,#,County Health Rankings 2022\County,v067_race_asian,-1,-1;v067_race_black "% Driving alone to work (Black)" true true false 0 Double 0 0,First,#,County Health Rankings 2022\County,v067_race_black,-1,-1;v067_race_hispanic "% Driving alone to work (Hispanic)" true true false 0 Double 0 0,First,#,County Health Rankings 2022\County,v067_race_hispanic,-1,-1;v067_race_white "% Driving alone to work (White)" true true false 0 Double 0 0,First,#,County Health Rankings 2022\County,v067_race_white,-1,-1;v137_rawvalue "% that commute more than 30 minutes" true true false 0 Double 0 0,First,#,County Health Rankings 2022\County,v137_rawvalue,-1,-1;v137_numerator "Number of workers who drive alone (via car, truck, or van) for more than 30 minutes during their commute" true true false 0 Long 0 0,First,#,County Health Rankings 2022\County,v137_numerator,-1,-1;v137_denominator "Number of workers who drive alone (via car, truck, or van) during their commute" true true false 0 Long 0 0,First,#,County Health Rankings 2022\County,v137_denominator,-1,-1;v173_rawvalue "COVID-19 age-adjusted mortality per 100,000" true true false 0 Double 0 0,First,#,County Health Rankings 2022\County,v173_rawvalue,-1,-1;v173_numerator "COVID-19 deaths" true true false 0 Long 0 0,First,#,County Health Rankings 2022\County,v173_numerator,-1,-1;v173_denominator "COVID-19 age-adjusted mortality denominator" true true false 0 Long 0 0,First,#,County Health Rankings 2022\County,v173_denominator,-1,-1;v147_rawvalue "Life expectancy" true true false 0 Double 0 0,First,#,County Health Rankings 2022\County,v147_rawvalue,-1,-1;v147_race_aian "Life expectancy (American Indian/Alaska Native)" true true false 0 Double 0 0,First,#,County Health Rankings 2022\County,v147_race_aian,-1,-1;v147_race_asian "Life expectancy (Asian/Pacific Islander)" true true false 0 Double 0 0,First,#,County Health Rankings 2022\County,v147_race_asian,-1,-1;v147_race_black "Life expectancy (Black)" true true false 0 Double 0 0,First,#,County Health Rankings 2022\County,v147_race_black,-1,-1;v147_race_hispanic "Life expectancy (Hispanic)" true true false 0 Double 0 0,First,#,County Health Rankings 2022\County,v147_race_hispanic,-1,-1;v147_race_white "Life expectancy (White)" true true false 0 Double 0 0,First,#,County Health Rankings 2022\County,v147_race_white,-1,-1;v127_rawvalue "Premature age-adjusted mortality" true true false 0 Double 0 0,First,#,County Health Rankings 2022\County,v127_rawvalue,-1,-1;v127_numerator "Number of total deaths under the age of 75" true true false 0 Long 0 0,First,#,County Health Rankings 2022\County,v127_numerator,-1,-1;v127_denominator "Total population under the age of 75" true true false 0 Long 0 0,First,#,County Health Rankings 2022\County,v127_denominator,-1,-1;v127_race_aian "Premature age-adjusted mortality (American Indian/Alaska Native)" true true false 0 Double 0 0,First,#,County Health Rankings 2022\County,v127_race_aian,-1,-1;v127_race_asian "Premature age-adjusted mortality (Asian/Pacific Islander)" true true false 0 Double 0 0,First,#,County Health Rankings 2022\County,v127_race_asian,-1,-1;v127_race_black "Premature age-adjusted mortality (Black)" true true false 0 Double 0 0,First,#,County Health Rankings 2022\County,v127_race_black,-1,-1;v127_race_hispanic "Premature age-adjusted mortality (Hispanic)" true true false 0 Double 0 0,First,#,County Health Rankings 2022\County,v127_race_hispanic,-1,-1;v127_race_white "Premature age-adjusted mortality (White)" true true false 0 Double 0 0,First,#,County Health Rankings 2022\County,v127_race_white,-1,-1;v128_rawvalue "Child mortality per 100,000" true true false 0 Double 0 0,First,#,County Health Rankings 2022\County,v128_rawvalue,-1,-1;v128_numerator "Number of total deaths for children under the age of 18" true true false 0 Long 0 0,First,#,County Health Rankings 2022\County,v128_numerator,-1,-1;v128_denominator "Total population under the age of 18" true true false 0 Long 0 0,First,#,County Health Rankings 2022\County,v128_denominator,-1,-1;v128_race_aian "Child mortality per 100,000 (American Indian/Alaska Native)" true true false 0 Double 0 0,First,#,County Health Rankings 2022\County,v128_race_aian,-1,-1;v128_race_asian "Child mortality per 100,000 (Asian/Pacific Islander)" true true false 0 Double 0 0,First,#,County Health Rankings 2022\County,v128_race_asian,-1,-1;v128_race_black "Child mortality per 100,000 (Black)" true true false 0 Double 0 0,First,#,County Health Rankings 2022\County,v128_race_black,-1,-1;v128_race_hispanic "Child mortality per 100,000 (Hispanic)" true true false 0 Double 0 0,First,#,County Health Rankings 2022\County,v128_race_hispanic,-1,-1;v128_race_white "Child mortality per 100,000 (White)" true true false 0 Double 0 0,First,#,County Health Rankings 2022\County,v128_race_white,-1,-1;v129_rawvalue "Infant mortality per 1,000" true true false 0 Double 0 0,First,#,County Health Rankings 2022\County,v129_rawvalue,-1,-1;v129_numerator "Total deaths for infants under one year of age" true true false 0 Long 0 0,First,#,County Health Rankings 2022\County,v129_numerator,-1,-1;v129_denominator "Total number of live births (for infant mortality)" true true false 0 Long 0 0,First,#,County Health Rankings 2022\County,v129_denominator,-1,-1;v129_race_aian "Infant mortality per 1,000 (American Indian/Alaska Native)" true true false 0 Double 0 0,First,#,County Health Rankings 2022\County,v129_race_aian,-1,-1;v129_race_asian "Infant mortality per 1,000 (Asian/Pacific Islander)" true true false 0 Double 0 0,First,#,County Health Rankings 2022\County,v129_race_asian,-1,-1;v129_race_black "Infant mortality per 1,000 (Black)" true true false 0 Double 0 0,First,#,County Health Rankings 2022\County,v129_race_black,-1,-1;v129_race_hispanic "Infant mortality per 1,000 (Hispanic)" true true false 0 Double 0 0,First,#,County Health Rankings 2022\County,v129_race_hispanic,-1,-1;v129_race_white "Infant mortality per 1,000 (White)" true true false 0 Double 0 0,First,#,County Health Rankings 2022\County,v129_race_white,-1,-1;v144_rawvalue "% of adults reporting 14 or more days of poor physical health per month" true true false 0 Double 0 0,First,#,County Health Rankings 2022\County,v144_rawvalue,-1,-1;v144_numerator "Number of adults who reported 14 or more days of poor physical health per month" true true false 0 Long 0 0,First,#,County Health Rankings 2022\County,v144_numerator,-1,-1;v144_denominator "Total number of adult respondents in a county" true true false 0 Long 0 0,First,#,County Health Rankings 2022\County,v144_denominator,-1,-1;v145_rawvalue "% of adults reporting 14 or more days of poor mental health per month" true true false 0 Double 0 0,First,#,County Health Rankings 2022\County,v145_rawvalue,-1,-1;v145_numerator "Number of adults who reported 14 or more days of poor mental health per month" true true false 0 Long 0 0,First,#,County Health Rankings 2022\County,v145_numerator,-1,-1;v145_denominator "Total number of adult respondents in a county" true true false 0 Long 0 0,First,#,County Health Rankings 2022\County,v145_denominator,-1,-1;v060_rawvalue "% Diabetes prevalence" true true false 0 Double 0 0,First,#,County Health Rankings 2022\County,v060_rawvalue,-1,-1;v060_numerator "Number of adults reporting diagnosed diabetes" true true false 0 Long 0 0,First,#,County Health Rankings 2022\County,v060_numerator,-1,-1;v060_denominator "Total number of people reporting for diabetes" true true false 0 Long 0 0,First,#,County Health Rankings 2022\County,v060_denominator,-1,-1;v061_rawvalue "HIV prevalence per 100,000" true true false 0 Double 0 0,First,#,County Health Rankings 2022\County,v061_rawvalue,-1,-1;v061_numerator "Number of HIV cases" true true false 0 Long 0 0,First,#,County Health Rankings 2022\County,v061_numerator,-1,-1;v061_denominator "Total population reporting for HIV" true true false 0 Long 0 0,First,#,County Health Rankings 2022\County,v061_denominator,-1,-1;v139_rawvalue "% of population who lack adequate access to food" true true false 0 Long 0 0,First,#,County Health Rankings 2022\County,v139_rawvalue,-1,-1;v139_numerator "Population with a lack of access, at times, to enough food for an active, healthy life or with uncertain availability of nutritionally adequate food" true true false 0 Long 0 0,First,#,County Health Rankings 2022\County,v139_numerator,-1,-1;v139_denominator "Total county population from National Center for Health Statistics" true true false 0 Long 0 0,First,#,County Health Rankings 2022\County,v139_denominator,-1,-1;v083_rawvalue "% of population who are low-income and do not live close to a grocery store" true true false 0 Double 0 0,First,#,County Health Rankings 2022\County,v083_rawvalue,-1,-1;v083_numerator "Population who are low-income and do not live close to a grocery store" true true false 0 Double 0 0,First,#,County Health Rankings 2022\County,v083_numerator,-1,-1;v083_denominator "Total Population from 2015 USDA Food Environment Atlas" true true false 0 Long 0 0,First,#,County Health Rankings 2022\County,v083_denominator,-1,-1;v138_rawvalue "Number of drug poisoning deaths per 100,000 population" true true false 0 Double 0 0,First,#,County Health Rankings 2022\County,v138_rawvalue,-1,-1;v138_numerator "Number of drug poisoning deaths" true true false 0 Long 0 0,First,#,County Health Rankings 2022\County,v138_numerator,-1,-1;v138_denominator "Aggregate annual population" true true false 0 Long 0 0,First,#,County Health Rankings 2022\County,v138_denominator,-1,-1;v138_race_aian "Number of drug poisoning deaths per 100,000 (American Indian/Alaska Native)" true true false 0 Double 0 0,First,#,County Health Rankings 2022\County,v138_race_aian,-1,-1;v138_race_asian "Number of drug poisoning deaths per 100,000(Asian/Pacific Islander)" true true false 0 Long 0 0,First,#,County Health Rankings 2022\County,v138_race_asian,-1,-1;v138_race_black "Number of drug poisoning deaths per 100,000 (Black)" true true false 0 Double 0 0,First,#,County Health Rankings 2022\County,v138_race_black,-1,-1;v138_race_hispanic "Number of drug poisoning deaths per 100,000 (Hispanic)" true true false 0 Double 0 0,First,#,County Health Rankings 2022\County,v138_race_hispanic,-1,-1;v138_race_white "Number of drug poisoning deaths per 100,000  (White)" true true false 0 Double 0 0,First,#,County Health Rankings 2022\County,v138_race_white,-1,-1;v039_rawvalue "Motor vehicle crash deaths per 100,000" true true false 0 Double 0 0,First,#,County Health Rankings 2022\County,v039_rawvalue,-1,-1;v039_numerator "Number of motor vehicle crash deaths " true true false 0 Long 0 0,First,#,County Health Rankings 2022\County,v039_numerator,-1,-1;v039_denominator "Total aggregate annual population reporting for motor vehicle crash deaths" true true false 0 Long 0 0,First,#,County Health Rankings 2022\County,v039_denominator,-1,-1;v039_race_aian "Motor vehicle crash deaths per 100,000 (American Indian/Alaska Native)" true true false 0 Double 0 0,First,#,County Health Rankings 2022\County,v039_race_aian,-1,-1;v039_race_asian "Motor vehicle crash deaths per 100,000 (Asian/Pacific Islander)" true true false 0 Double 0 0,First,#,County Health Rankings 2022\County,v039_race_asian,-1,-1;v039_race_black "Motor vehicle crash deaths per 100,000 (Black)" true true false 0 Double 0 0,First,#,County Health Rankings 2022\County,v039_race_black,-1,-1;v039_race_hispanic "Motor vehicle crash deaths per 100,000 (Hispanic)" true true false 0 Double 0 0,First,#,County Health Rankings 2022\County,v039_race_hispanic,-1,-1;v039_race_white "Motor vehicle crash deaths per 100,000 (White)" true true false 0 Double 0 0,First,#,County Health Rankings 2022\County,v039_race_white,-1,-1;v143_rawvalue "% of adults who report fewer than 7 hours of sleep on average" true true false 0 Double 0 0,First,#,County Health Rankings 2022\County,v143_rawvalue,-1,-1;v143_numerator "Number of adults who responded to the following question by stating they sleep less than 7 hours per night" true true false 0 Long 0 0,First,#,County Health Rankings 2022\County,v143_numerator,-1,-1;v143_denominator "Total number of adult respondents in a county" true true false 0 Long 0 0,First,#,County Health Rankings 2022\County,v143_denominator,-1,-1;v003_rawvalue "% Uninsured people" true true false 0 Double 0 0,First,#,County Health Rankings 2022\County,v003_rawvalue,-1,-1;v003_numerator "Number of people currently uninsured in the county under the age of 65" true true false 0 Long 0 0,First,#,County Health Rankings 2022\County,v003_numerator,-1,-1;v003_denominator "Total number of people in county under age 65" true true false 0 Long 0 0,First,#,County Health Rankings 2022\County,v003_denominator,-1,-1;v122_rawvalue "% of children under age 19 without health insurance" true true false 0 Double 0 0,First,#,County Health Rankings 2022\County,v122_rawvalue,-1,-1;v122_numerator "Number of people under age 19 who currently have no health insurance coverage" true true false 0 Long 0 0,First,#,County Health Rankings 2022\County,v122_numerator,-1,-1;v122_denominator "Population under age 19" true true false 0 Long 0 0,First,#,County Health Rankings 2022\County,v122_denominator,-1,-1;v131_rawvalue "Ratio of population to primary care providers other than physicians." true true false 0 Double 0 0,First,#,County Health Rankings 2022\County,v131_rawvalue,-1,-1;v131_numerator "Number of other primary care providers in a county" true true false 0 Long 0 0,First,#,County Health Rankings 2022\County,v131_numerator,-1,-1;v131_denominator "Total county population" true true false 0 Long 0 0,First,#,County Health Rankings 2022\County,v131_denominator,-1,-1;v131_other_data_1 "Other primary care providers per 100,000" true true false 0 Double 0 0,First,#,County Health Rankings 2022\County,v131_other_data_1,-1,-1;v021_rawvalue "% High school graduation" true true false 0 Double 0 0,First,#,County Health Rankings 2022\County,v021_rawvalue,-1,-1;v021_numerator "Number of cohort members who earned a high school diploma" true true false 0 Double 0 0,First,#,County Health Rankings 2022\County,v021_numerator,-1,-1;v021_denominator "Total number of first-time 9th graders four years prior to high school graduation" true true false 0 Long 0 0,First,#,County Health Rankings 2022\County,v021_denominator,-1,-1;v149_rawvalue "% of teens and young adults ages 16-19 who are neither working nor in school" true true false 0 Double 0 0,First,#,County Health Rankings 2022\County,v149_rawvalue,-1,-1;v149_numerator "Number of people, ages 16-19, who are neither working nor in school" true true false 0 Long 0 0,First,#,County Health Rankings 2022\County,v149_numerator,-1,-1;v149_denominator "Total county population, ages 16-19" true true false 0 Long 0 0,First,#,County Health Rankings 2022\County,v149_denominator,-1,-1;v159_rawvalue "Reading scores" true true false 0 Double 0 0,First,#,County Health Rankings 2022\County,v159_rawvalue,-1,-1;v159_race_aian "Reading scores (American Indian/Alaska Native)" true true false 0 Double 0 0,First,#,County Health Rankings 2022\County,v159_race_aian,-1,-1;v159_race_asian "Reading scores (Asian/Pacific Islander)" true true false 0 Double 0 0,First,#,County Health Rankings 2022\County,v159_race_asian,-1,-1;v159_race_black "Reading scores (Black)" true true false 0 Double 0 0,First,#,County Health Rankings 2022\County,v159_race_black,-1,-1;v159_race_hispanic "Reading scores (Hispanic)" true true false 0 Double 0 0,First,#,County Health Rankings 2022\County,v159_race_hispanic,-1,-1;v159_race_white "Reading scores (White)" true true false 0 Double 0 0,First,#,County Health Rankings 2022\County,v159_race_white,-1,-1;v160_rawvalue "Math scores" true true false 0 Double 0 0,First,#,County Health Rankings 2022\County,v160_rawvalue,-1,-1;v160_race_aian "Math scores (American Indian/Alaska Native)" true true false 0 Double 0 0,First,#,County Health Rankings 2022\County,v160_race_aian,-1,-1;v160_race_asian "Math scores (Asian/Pacific Islander)" true true false 0 Double 0 0,First,#,County Health Rankings 2022\County,v160_race_asian,-1,-1;v160_race_black "Math scores (Black)" true true false 0 Double 0 0,First,#,County Health Rankings 2022\County,v160_race_black,-1,-1;v160_race_hispanic "Math scores (Hispanic)" true true false 0 Double 0 0,First,#,County Health Rankings 2022\County,v160_race_hispanic,-1,-1;v160_race_white "Math scores (White)" true true false 0 Double 0 0,First,#,County Health Rankings 2022\County,v160_race_white,-1,-1;v167_rawvalue "School segregation index (ranges from 0 to 1)" true true false 0 Double 0 0,First,#,County Health Rankings 2022\County,v167_rawvalue,-1,-1;v167_numerator "School segregation numerator" true true false 0 Long 0 0,First,#,County Health Rankings 2022\County,v167_numerator,-1,-1;v167_denominator "School segregation denominator" true true false 0 Long 0 0,First,#,County Health Rankings 2022\County,v167_denominator,-1,-1;v169_rawvalue "School funding adequacy gap ($)" true true false 0 Double 0 0,First,#,County Health Rankings 2022\County,v169_rawvalue,-1,-1;v169_numerator "School funding adequacy numerator" true true false 0 Long 0 0,First,#,County Health Rankings 2022\County,v169_numerator,-1,-1;v169_denominator "School funding adequacy denominator" true true false 0 Long 0 0,First,#,County Health Rankings 2022\County,v169_denominator,-1,-1;v151_rawvalue "Gender pay gap, presented as [double_quote]cents on the dollar[double_quote]" true true false 0 Double 0 0,First,#,County Health Rankings 2022\County,v151_rawvalue,-1,-1;v151_numerator "Gender pay gap numerator" true true false 0 Long 0 0,First,#,County Health Rankings 2022\County,v151_numerator,-1,-1;v151_denominator "Gender pay gap denominator" true true false 0 Long 0 0,First,#,County Health Rankings 2022\County,v151_denominator,-1,-1;v063_rawvalue "Median household income" true true false 0 Long 0 0,First,#,County Health Rankings 2022\County,v063_rawvalue,-1,-1;v063_race_aian "Median household income (American Indian/Alaska Native)" true true false 0 Long 0 0,First,#,County Health Rankings 2022\County,v063_race_aian,-1,-1;v063_race_asian "Median household income (Asian)" true true false 0 Long 0 0,First,#,County Health Rankings 2022\County,v063_race_asian,-1,-1;v063_race_black "Median household income (Black)" true true false 0 Long 0 0,First,#,County Health Rankings 2022\County,v063_race_black,-1,-1;v063_race_hispanic "Median household income (Hispanic)" true true false 0 Long 0 0,First,#,County Health Rankings 2022\County,v063_race_hispanic,-1,-1;v063_race_white "Median household income (White)" true true false 0 Long 0 0,First,#,County Health Rankings 2022\County,v063_race_white,-1,-1;v170_rawvalue "Living wage raw value" true true false 0 Long 0 0,First,#,County Health Rankings 2022\County,v170_rawvalue,-1,-1;v170_numerator "Living wage numerator" true true false 0 Long 0 0,First,#,County Health Rankings 2022\County,v170_numerator,-1,-1;v170_denominator "Living wage denominator" true true false 0 Long 0 0,First,#,County Health Rankings 2022\County,v170_denominator,-1,-1;v065_rawvalue "% Children eligible for free or reduced price lunch" true true false 0 Double 0 0,First,#,County Health Rankings 2022\County,v065_rawvalue,-1,-1;v065_numerator "Number of children eligible for free or reduced price lunch numerator" true true false 0 Long 0 0,First,#,County Health Rankings 2022\County,v065_numerator,-1,-1;v065_denominator "Total number of children enrolled in public schools reporting for free lunch" true true false 0 Long 0 0,First,#,County Health Rankings 2022\County,v065_denominator,-1,-1;v141_rawvalue "Residential segregation - Black/White" true true false 0 Double 0 0,First,#,County Health Rankings 2022\County,v141_rawvalue,-1,-1;v142_rawvalue "Residential segregation - non-White/White" true true false 0 Double 0 0,First,#,County Health Rankings 2022\County,v142_rawvalue,-1,-1;v171_rawvalue "Childcare cost burden (percent of income needed for childcare for two children)" true true false 0 Double 0 0,First,#,County Health Rankings 2022\County,v171_rawvalue,-1,-1;v171_numerator "Childcare cost" true true false 0 Long 0 0,First,#,County Health Rankings 2022\County,v171_numerator,-1,-1;v171_denominator "Childcare cost burden denominator (median household income)" true true false 0 Long 0 0,First,#,County Health Rankings 2022\County,v171_denominator,-1,-1;v172_rawvalue "Childcare centers per 1,000 children under 5 years old" true true false 0 Double 0 0,First,#,County Health Rankings 2022\County,v172_rawvalue,-1,-1;v172_numerator "Childcare centers" true true false 0 Long 0 0,First,#,County Health Rankings 2022\County,v172_numerator,-1,-1;v172_denominator "Resident population under 5 years old" true true false 0 Long 0 0,First,#,County Health Rankings 2022\County,v172_denominator,-1,-1;v015_rawvalue "Homicides per 100,000" true true false 0 Double 0 0,First,#,County Health Rankings 2022\County,v015_rawvalue,-1,-1;v015_numerator "Number of deaths due to homicide" true true false 0 Long 0 0,First,#,County Health Rankings 2022\County,v015_numerator,-1,-1;v015_denominator "Aggregate county population reporting for homicides" true true false 0 Long 0 0,First,#,County Health Rankings 2022\County,v015_denominator,-1,-1;v015_race_aian "Homicides per 100,000 (American Indian/Alaska Native)" true true false 0 Double 0 0,First,#,County Health Rankings 2022\County,v015_race_aian,-1,-1;v015_race_asian "Homicides per 100,000 (Asian/Pacific Islander)" true true false 0 Double 0 0,First,#,County Health Rankings 2022\County,v015_race_asian,-1,-1;v015_race_black "Homicides per 100,000 (Black)" true true false 0 Double 0 0,First,#,County Health Rankings 2022\County,v015_race_black,-1,-1;v015_race_hispanic "Homicides per 100,000 (Hispanic)" true true false 0 Double 0 0,First,#,County Health Rankings 2022\County,v015_race_hispanic,-1,-1;v015_race_white "Homicides per 100,000 (White)" true true false 0 Double 0 0,First,#,County Health Rankings 2022\County,v015_race_white,-1,-1;v161_rawvalue "Suicides per 100,000" true true false 0 Double 0 0,First,#,County Health Rankings 2022\County,v161_rawvalue,-1,-1;v161_numerator "Number of deaths in a county over a 5-year period due to suicide" true true false 0 Long 0 0,First,#,County Health Rankings 2022\County,v161_numerator,-1,-1;v161_denominator "Aggregate county population over the 5-year period" true true false 0 Long 0 0,First,#,County Health Rankings 2022\County,v161_denominator,-1,-1;v161_other_data_1 "Crude suicide rate per 100,000" true true false 0 Double 0 0,First,#,County Health Rankings 2022\County,v161_other_data_1,-1,-1;v161_race_aian "Suicides per 100,000 (American Indian/Alaska Native)" true true false 0 Double 0 0,First,#,County Health Rankings 2022\County,v161_race_aian,-1,-1;v161_race_asian "Suicides per 100,000 (Asian/Pacific Islander)" true true false 0 Double 0 0,First,#,County Health Rankings 2022\County,v161_race_asian,-1,-1;v161_race_black "Suicides per 100,000 (Black)" true true false 0 Double 0 0,First,#,County Health Rankings 2022\County,v161_race_black,-1,-1;v161_race_hispanic "Suicides per 100,000 (Hispanic)" true true false 0 Double 0 0,First,#,County Health Rankings 2022\County,v161_race_hispanic,-1,-1;v161_race_white "Suicides per 100,000 (White)" true true false 0 Double 0 0,First,#,County Health Rankings 2022\County,v161_race_white,-1,-1;v148_rawvalue "Firearm fatalities per 100,000" true true false 0 Double 0 0,First,#,County Health Rankings 2022\County,v148_rawvalue,-1,-1;v148_numerator "Number of deaths in a county due to firearms" true true false 0 Long 0 0,First,#,County Health Rankings 2022\County,v148_numerator,-1,-1;v148_denominator "Aggregate annual population" true true false 0 Long 0 0,First,#,County Health Rankings 2022\County,v148_denominator,-1,-1;v148_race_aian "Firearm fatalities per 100,000 (American Indian/Alaska Native)" true true false 0 Double 0 0,First,#,County Health Rankings 2022\County,v148_race_aian,-1,-1;v148_race_asian "Firearm fatalities per 100,000 (Asian/Pacific Islander)" true true false 0 Double 0 0,First,#,County Health Rankings 2022\County,v148_race_asian,-1,-1;v148_race_black "Firearm fatalities per 100,000 (Black)" true true false 0 Double 0 0,First,#,County Health Rankings 2022\County,v148_race_black,-1,-1;v148_race_hispanic "Firearm fatalities per 100,000 (Hispanic)" true true false 0 Double 0 0,First,#,County Health Rankings 2022\County,v148_race_hispanic,-1,-1;v148_race_white "Firearm fatalities per 100,000 (White)" true true false 0 Double 0 0,First,#,County Health Rankings 2022\County,v148_race_white,-1,-1;v158_rawvalue "Rate of delinquency cases per 1,000 juveniles" true true false 0 Double 0 0,First,#,County Health Rankings 2022\County,v158_rawvalue,-1,-1;v158_numerator "Number of delinquency cases" true true false 0 Long 0 0,First,#,County Health Rankings 2022\County,v158_numerator,-1,-1;v158_denominator "Population ages 10 to the upper age of jurisdiction" true true false 0 Long 0 0,First,#,County Health Rankings 2022\County,v158_denominator,-1,-1;v158_other_data_1 "Number of juvenile delinquency cases formally processed by a juvenile court per 1,000" true true false 0 Long 0 0,First,#,County Health Rankings 2022\County,v158_other_data_1,-1,-1;v158_other_data_2 "Number of informally handled juvenile delinquency cases per 1,000" true true false 0 Long 0 0,First,#,County Health Rankings 2022\County,v158_other_data_2,-1,-1;v156_rawvalue "Average traffic volume per meter of major roadways in the county" true true false 0 Double 0 0,First,#,County Health Rankings 2022\County,v156_rawvalue,-1,-1;v153_rawvalue "% of occupied housing units that are owned" true true false 0 Double 0 0,First,#,County Health Rankings 2022\County,v153_rawvalue,-1,-1;v153_numerator "Total number of owner-occupied housing units in a county" true true false 0 Long 0 0,First,#,County Health Rankings 2022\County,v153_numerator,-1,-1;v153_denominator "Total number of occupied housing units in a county" true true false 0 Long 0 0,First,#,County Health Rankings 2022\County,v153_denominator,-1,-1;v154_rawvalue "% of households that spend 50% or more of their household income on housing" true true false 0 Double 0 0,First,#,County Health Rankings 2022\County,v154_rawvalue,-1,-1;v154_numerator "Total number of households in a county that spend 50.0 % or more of their household income on housing" true true false 0 Long 0 0,First,#,County Health Rankings 2022\County,v154_numerator,-1,-1;v154_denominator "v154_denominator" true true false 0 Long 0 0,First,#,County Health Rankings 2022\County,v154_denominator,-1,-1;v166_rawvalue "% of households with broadband internet connection" true true false 0 Double 0 0,First,#,County Health Rankings 2022\County,v166_rawvalue,-1,-1;v166_numerator "Total number of households in a county" true true false 0 Long 0 0,First,#,County Health Rankings 2022\County,v166_numerator,-1,-1;v166_denominator "Number of households in a county with a broadband internet subscription such as cable, DSL, or fiber optic" true true false 0 Long 0 0,First,#,County Health Rankings 2022\County,v166_denominator,-1,-1;v051_rawvalue "Total Population from Census Population Estimates" true true false 0 Long 0 0,First,#,County Health Rankings 2022\County,v051_rawvalue,-1,-1;v051_numerator "Count of county population from Census Population Estimates" true true false 0 Long 0 0,First,#,County Health Rankings 2022\County,v051_numerator,-1,-1;v051_denominator "Total population from Census Population Estimates" true true false 0 Long 0 0,First,#,County Health Rankings 2022\County,v051_denominator,-1,-1;v052_rawvalue "% below 18 years of age" true true false 0 Double 0 0,First,#,County Health Rankings 2022\County,v052_rawvalue,-1,-1;v052_numerator "Count of population below 18 years of age" true true false 0 Long 0 0,First,#,County Health Rankings 2022\County,v052_numerator,-1,-1;v053_rawvalue "% 65 and older" true true false 0 Double 0 0,First,#,County Health Rankings 2022\County,v053_rawvalue,-1,-1;v053_numerator "Count of population 65 and older numerator" true true false 0 Long 0 0,First,#,County Health Rankings 2022\County,v053_numerator,-1,-1;v054_rawvalue "% Non-Hispanic Black" true true false 0 Double 0 0,First,#,County Health Rankings 2022\County,v054_rawvalue,-1,-1;v054_numerator "Count of Non-Hispanic Black population" true true false 0 Long 0 0,First,#,County Health Rankings 2022\County,v054_numerator,-1,-1;v055_rawvalue "% American Indian &amp; Alaska Native" true true false 0 Double 0 0,First,#,County Health Rankings 2022\County,v055_rawvalue,-1,-1;v055_numerator "Count of American Indian &amp; Alaska Native population" true true false 0 Long 0 0,First,#,County Health Rankings 2022\County,v055_numerator,-1,-1;v081_rawvalue "% Asian" true true false 0 Double 0 0,First,#,County Health Rankings 2022\County,v081_rawvalue,-1,-1;v081_numerator "Asian population" true true false 0 Long 0 0,First,#,County Health Rankings 2022\County,v081_numerator,-1,-1;v081_denominator "Total population from Census Population Estimates" true true false 0 Long 0 0,First,#,County Health Rankings 2022\County,v081_denominator,-1,-1;v080_rawvalue "% Native Hawaiian/Other Pacific Islander" true true false 0 Double 0 0,First,#,County Health Rankings 2022\County,v080_rawvalue,-1,-1;v080_numerator "Native Hawaiian/Other Pacific Islander population" true true false 0 Long 0 0,First,#,County Health Rankings 2022\County,v080_numerator,-1,-1;v080_denominator "Total population from Census Population Estimates" true true false 0 Long 0 0,First,#,County Health Rankings 2022\County,v080_denominator,-1,-1;v056_rawvalue "% Hispanic" true true false 0 Double 0 0,First,#,County Health Rankings 2022\County,v056_rawvalue,-1,-1;v056_numerator "Count of Hispanic population" true true false 0 Long 0 0,First,#,County Health Rankings 2022\County,v056_numerator,-1,-1;v126_rawvalue "% Non-Hispanic White" true true false 0 Double 0 0,First,#,County Health Rankings 2022\County,v126_rawvalue,-1,-1;v126_numerator "Non-Hispanic White population" true true false 0 Long 0 0,First,#,County Health Rankings 2022\County,v126_numerator,-1,-1;v126_denominator "Total population from Census Population Estimates" true true false 0 Long 0 0,First,#,County Health Rankings 2022\County,v126_denominator,-1,-1;v059_rawvalue "% not proficient in English" true true false 0 Double 0 0,First,#,County Health Rankings 2022\County,v059_rawvalue,-1,-1;v059_numerator "Count of population not proficient in English" true true false 0 Long 0 0,First,#,County Health Rankings 2022\County,v059_numerator,-1,-1;v057_rawvalue "% Females" true true false 0 Double 0 0,First,#,County Health Rankings 2022\County,v057_rawvalue,-1,-1;v057_numerator "Count of Female population" true true false 0 Long 0 0,First,#,County Health Rankings 2022\County,v057_numerator,-1,-1;v058_rawvalue "% Rural" true true false 0 Double 0 0,First,#,County Health Rankings 2022\County,v058_rawvalue,-1,-1;v058_numerator "Count of Rural population" true true false 0 Long 0 0,First,#,County Health Rankings 2022\County,v058_numerator,-1,-1;v159_other_data_1 "v159_other_data_1" true true false 0 Double 0 0,First,#,County Health Rankings 2022\County,v159_other_data_1,-1,-1;Health_Outcomes_Rank "State Ranking of Health Outcomes" true true false 0 Long 0 0,First,#,County Health Rankings 2022\County,Health_Outcomes_Rank,-1,-1;Health_Factors_Rank "State Ranking of Health Factors" true true false 0 Long 0 0,First,#,County Health Rankings 2022\County,Health_Factors_Rank,-1,-1;Outcomes_LengthOfLife_subrank "State Subranking of Length of Life" true true false 0 Long 0 0,First,#,County Health Rankings 2022\County,Outcomes_LengthOfLife_subrank,-1,-1;Outcomes_QualityOfLife_subrank "State Subranking of Quality of Life" true true false 0 Long 0 0,First,#,County Health Rankings 2022\County,Outcomes_QualityOfLife_subrank,-1,-1;Factors_HealthBehaviors_subrank "State Subranking of Health Behaviors" true true false 0 Long 0 0,First,#,County Health Rankings 2022\County,Factors_HealthBehaviors_subrank,-1,-1;Factors_ClinicalCare_subrank "State Subranking of Clinical Care" true true false 0 Long 0 0,First,#,County Health Rankings 2022\County,Factors_ClinicalCare_subrank,-1,-1;Factors_SocEconEnv_subrank "State Subranking of Social and Economic Environment" true true false 0 Long 0 0,First,#,County Health Rankings 2022\County,Factors_SocEconEnv_subrank,-1,-1;Factors_PhysicalEnv_subrank "State Subranking of Physical Environment" true true false 0 Long 0 0,First,#,County Health Rankings 2022\County,Factors_PhysicalEnv_subrank,-1,-1;Shape__Area "Shape__Area" false true true 0 Double 0 0,First,#,County Health Rankings 2022\County,Shape__Area,-1,-1;Shape__Length "Shape__Length" false true true 0 Double 0 0,First,#,County Health Rankings 2022\County,Shape__Length,-1,-1" #</Process><Process ToolSource="c:\program files\arcgis\pro\Resources\ArcToolbox\Toolboxes\Data Management Tools.tbx\CopyMultiple" Date="20241029" Time="095629">CopyMultiple "'K:\Professional\Masters\Course Information\GEOG575\Lab 2\Lab 2 Data.gdb\County_HealthData2022' FeatureClass" "K:\Professional\Masters\Course Information\GEOG575\Lab 2\Lab 2 Data.gdb" County_HealthData2022_1 "County_HealthData2022 FeatureClass County_HealthData2022_1 #"</Process><Process ToolSource="c:\program files\arcgis\pro\Resources\ArcToolbox\Toolboxes\Data Management Tools.tbx\Rename" Date="20241029" Time="095706">Rename "K:\Professional\Masters\Course Information\GEOG575\Lab 2\Lab 2 Data.gdb\County_HealthData2022_1" "K:\Professional\Masters\Course Information\GEOG575\Lab 2\Lab 2 Data.gdb\County_Health_Data_2022_Education" FeatureClass</Process><Process ToolSource="c:\program files\arcgis\pro\Resources\ArcToolbox\Toolboxes\Data Management Tools.tbx\UpdateSchema" Date="20241029" Time="100814">UpdateSchema "CIMDATA=&lt;CIMStandardDataConnection xsi:type='typens:CIMStandardDataConnection' xmlns:xsi='http://www.w3.org/2001/XMLSchema-instance' xmlns:xs='http://www.w3.org/2001/XMLSchema' xmlns:typens='http://www.esri.com/schemas/ArcGIS/3.1.0'&gt;&lt;WorkspaceConnectionString&gt;DATABASE=K:\Professional\Masters\Course Information\GEOG575\Lab 2\Lab 2 Data.gdb&lt;/WorkspaceConnectionString&gt;&lt;WorkspaceFactory&gt;FileGDB&lt;/WorkspaceFactory&gt;&lt;Dataset&gt;County_Health_Data_2022_Education&lt;/Dataset&gt;&lt;DatasetType&gt;esriDTFeatureClass&lt;/DatasetType&gt;&lt;/CIMStandardDataConnection&gt;" &lt;operationSequence&gt;&lt;workflow&gt;&lt;DeleteField&gt;&lt;field_name&gt;county_ranked&lt;/field_name&gt;&lt;field_name&gt;v001_rawvalue&lt;/field_name&gt;&lt;field_name&gt;v001_numerator&lt;/field_name&gt;&lt;field_name&gt;v001_denominator&lt;/field_name&gt;&lt;field_name&gt;v001_flag&lt;/field_name&gt;&lt;field_name&gt;v001_race_aian&lt;/field_name&gt;&lt;field_name&gt;v001_race_aian_flag&lt;/field_name&gt;&lt;field_name&gt;v001_race_asian&lt;/field_name&gt;&lt;field_name&gt;v001_race_asian_flag&lt;/field_name&gt;&lt;field_name&gt;v001_race_black&lt;/field_name&gt;&lt;field_name&gt;v001_race_black_flag&lt;/field_name&gt;&lt;field_name&gt;v001_race_hispanic&lt;/field_name&gt;&lt;field_name&gt;v001_race_hispanic_flag&lt;/field_name&gt;&lt;field_name&gt;v001_race_white&lt;/field_name&gt;&lt;field_name&gt;v001_race_white_flag&lt;/field_name&gt;&lt;field_name&gt;v002_rawvalue&lt;/field_name&gt;&lt;field_name&gt;v002_numerator&lt;/field_name&gt;&lt;field_name&gt;v002_denominator&lt;/field_name&gt;&lt;field_name&gt;v036_rawvalue&lt;/field_name&gt;&lt;field_name&gt;v042_rawvalue&lt;/field_name&gt;&lt;field_name&gt;v042_numerator&lt;/field_name&gt;&lt;field_name&gt;v042_denominator&lt;/field_name&gt;&lt;field_name&gt;v037_rawvalue&lt;/field_name&gt;&lt;field_name&gt;v037_numerator&lt;/field_name&gt;&lt;field_name&gt;v037_denominator&lt;/field_name&gt;&lt;field_name&gt;v037_flag&lt;/field_name&gt;&lt;field_name&gt;v037_race_aian&lt;/field_name&gt;&lt;field_name&gt;v037_race_asian&lt;/field_name&gt;&lt;field_name&gt;v037_race_black&lt;/field_name&gt;&lt;field_name&gt;v037_race_hispanic&lt;/field_name&gt;&lt;field_name&gt;v037_race_white&lt;/field_name&gt;&lt;field_name&gt;v009_rawvalue&lt;/field_name&gt;&lt;field_name&gt;v009_numerator&lt;/field_name&gt;&lt;field_name&gt;v009_denominator&lt;/field_name&gt;&lt;field_name&gt;v011_rawvalue&lt;/field_name&gt;&lt;field_name&gt;v011_numerator&lt;/field_name&gt;&lt;field_name&gt;v011_denominator&lt;/field_name&gt;&lt;field_name&gt;v133_rawvalue&lt;/field_name&gt;&lt;field_name&gt;v070_rawvalue&lt;/field_name&gt;&lt;field_name&gt;v070_numerator&lt;/field_name&gt;&lt;field_name&gt;v070_denominator&lt;/field_name&gt;&lt;field_name&gt;v132_rawvalue&lt;/field_name&gt;&lt;field_name&gt;v132_numerator&lt;/field_name&gt;&lt;field_name&gt;v132_denominator&lt;/field_name&gt;&lt;field_name&gt;v049_rawvalue&lt;/field_name&gt;&lt;field_name&gt;v049_numerator&lt;/field_name&gt;&lt;field_name&gt;v049_denominator&lt;/field_name&gt;&lt;field_name&gt;v134_rawvalue&lt;/field_name&gt;&lt;field_name&gt;v134_numerator&lt;/field_name&gt;&lt;field_name&gt;v134_denominator&lt;/field_name&gt;&lt;field_name&gt;v045_rawvalue&lt;/field_name&gt;&lt;field_name&gt;v045_numerator&lt;/field_name&gt;&lt;field_name&gt;v045_denominator&lt;/field_name&gt;&lt;field_name&gt;v014_rawvalue&lt;/field_name&gt;&lt;field_name&gt;v014_numerator&lt;/field_name&gt;&lt;field_name&gt;v014_denominator&lt;/field_name&gt;&lt;field_name&gt;v014_race_aian&lt;/field_name&gt;&lt;field_name&gt;v014_race_asian&lt;/field_name&gt;&lt;field_name&gt;v014_race_black&lt;/field_name&gt;&lt;field_name&gt;v014_race_hispanic&lt;/field_name&gt;&lt;field_name&gt;v014_race_white&lt;/field_name&gt;&lt;field_name&gt;v085_rawvalue&lt;/field_name&gt;&lt;field_name&gt;v085_numerator&lt;/field_name&gt;&lt;field_name&gt;v085_denominator&lt;/field_name&gt;&lt;field_name&gt;v004_rawvalue&lt;/field_name&gt;&lt;field_name&gt;v004_numerator&lt;/field_name&gt;&lt;field_name&gt;v004_denominator&lt;/field_name&gt;&lt;field_name&gt;v004_other_data_1&lt;/field_name&gt;&lt;field_name&gt;v088_rawvalue&lt;/field_name&gt;&lt;field_name&gt;v088_numerator&lt;/field_name&gt;&lt;field_name&gt;v088_denominator&lt;/field_name&gt;&lt;field_name&gt;v088_other_data_1&lt;/field_name&gt;&lt;field_name&gt;v062_rawvalue&lt;/field_name&gt;&lt;field_name&gt;v062_numerator&lt;/field_name&gt;&lt;field_name&gt;v062_denominator&lt;/field_name&gt;&lt;field_name&gt;v062_other_data_1&lt;/field_name&gt;&lt;field_name&gt;v005_rawvalue&lt;/field_name&gt;&lt;field_name&gt;v005_numerator&lt;/field_name&gt;&lt;field_name&gt;v005_denominator&lt;/field_name&gt;&lt;field_name&gt;v005_race_aian&lt;/field_name&gt;&lt;field_name&gt;v005_race_asian&lt;/field_name&gt;&lt;field_name&gt;v005_race_black&lt;/field_name&gt;&lt;field_name&gt;v005_race_hispanic&lt;/field_name&gt;&lt;field_name&gt;v005_race_white&lt;/field_name&gt;&lt;field_name&gt;v050_rawvalue&lt;/field_name&gt;&lt;field_name&gt;v050_numerator&lt;/field_name&gt;&lt;field_name&gt;v050_denominator&lt;/field_name&gt;&lt;field_name&gt;v050_race_aian&lt;/field_name&gt;&lt;field_name&gt;v050_race_asian&lt;/field_name&gt;&lt;field_name&gt;v050_race_black&lt;/field_name&gt;&lt;field_name&gt;v050_race_hispanic&lt;/field_name&gt;&lt;field_name&gt;v050_race_white&lt;/field_name&gt;&lt;field_name&gt;v155_rawvalue&lt;/field_name&gt;&lt;field_name&gt;v155_numerator&lt;/field_name&gt;&lt;field_name&gt;v155_denominator&lt;/field_name&gt;&lt;field_name&gt;v155_race_aian&lt;/field_name&gt;&lt;field_name&gt;v155_race_asian&lt;/field_name&gt;&lt;field_name&gt;v155_race_black&lt;/field_name&gt;&lt;field_name&gt;v155_race_hispanic&lt;/field_name&gt;&lt;field_name&gt;v155_race_white&lt;/field_name&gt;&lt;field_name&gt;v168_numerator&lt;/field_name&gt;&lt;field_name&gt;v168_denominator&lt;/field_name&gt;&lt;field_name&gt;v069_rawvalue&lt;/field_name&gt;&lt;field_name&gt;v069_numerator&lt;/field_name&gt;&lt;field_name&gt;v069_denominator&lt;/field_name&gt;&lt;field_name&gt;v023_rawvalue&lt;/field_name&gt;&lt;field_name&gt;v023_numerator&lt;/field_name&gt;&lt;field_name&gt;v023_denominator&lt;/field_name&gt;&lt;field_name&gt;v024_numerator&lt;/field_name&gt;&lt;field_name&gt;v024_denominator&lt;/field_name&gt;&lt;field_name&gt;v024_race_aian&lt;/field_name&gt;&lt;field_name&gt;v024_race_asian&lt;/field_name&gt;&lt;field_name&gt;v024_race_black&lt;/field_name&gt;&lt;field_name&gt;v024_race_hispanic&lt;/field_name&gt;&lt;field_name&gt;v024_race_white&lt;/field_name&gt;&lt;field_name&gt;v044_rawvalue&lt;/field_name&gt;&lt;field_name&gt;v044_numerator&lt;/field_name&gt;&lt;field_name&gt;v044_denominator&lt;/field_name&gt;&lt;field_name&gt;v082_numerator&lt;/field_name&gt;&lt;field_name&gt;v082_denominator&lt;/field_name&gt;&lt;field_name&gt;v140_rawvalue&lt;/field_name&gt;&lt;field_name&gt;v140_numerator&lt;/field_name&gt;&lt;field_name&gt;v140_denominator&lt;/field_name&gt;&lt;field_name&gt;v043_rawvalue&lt;/field_name&gt;&lt;field_name&gt;v043_numerator&lt;/field_name&gt;&lt;field_name&gt;v043_denominator&lt;/field_name&gt;&lt;field_name&gt;v135_rawvalue&lt;/field_name&gt;&lt;field_name&gt;v135_numerator&lt;/field_name&gt;&lt;field_name&gt;v135_denominator&lt;/field_name&gt;&lt;field_name&gt;v135_race_aian&lt;/field_name&gt;&lt;field_name&gt;v135_race_asian&lt;/field_name&gt;&lt;field_name&gt;v135_race_black&lt;/field_name&gt;&lt;field_name&gt;v135_race_hispanic&lt;/field_name&gt;&lt;field_name&gt;v135_race_white&lt;/field_name&gt;&lt;field_name&gt;v125_rawvalue&lt;/field_name&gt;&lt;field_name&gt;v124_rawvalue&lt;/field_name&gt;&lt;field_name&gt;v136_rawvalue&lt;/field_name&gt;&lt;field_name&gt;v136_numerator&lt;/field_name&gt;&lt;field_name&gt;v136_denominator&lt;/field_name&gt;&lt;field_name&gt;v136_other_data_1&lt;/field_name&gt;&lt;field_name&gt;v136_other_data_2&lt;/field_name&gt;&lt;field_name&gt;v136_other_data_3&lt;/field_name&gt;&lt;field_name&gt;v067_rawvalue&lt;/field_name&gt;&lt;field_name&gt;v067_numerator&lt;/field_name&gt;&lt;field_name&gt;v067_denominator&lt;/field_name&gt;&lt;field_name&gt;v067_race_aian&lt;/field_name&gt;&lt;field_name&gt;v067_race_asian&lt;/field_name&gt;&lt;field_name&gt;v067_race_black&lt;/field_name&gt;&lt;field_name&gt;v067_race_hispanic&lt;/field_name&gt;&lt;field_name&gt;v067_race_white&lt;/field_name&gt;&lt;field_name&gt;v137_rawvalue&lt;/field_name&gt;&lt;field_name&gt;v137_numerator&lt;/field_name&gt;&lt;field_name&gt;v137_denominator&lt;/field_name&gt;&lt;field_name&gt;v173_rawvalue&lt;/field_name&gt;&lt;field_name&gt;v173_numerator&lt;/field_name&gt;&lt;field_name&gt;v173_denominator&lt;/field_name&gt;&lt;field_name&gt;v147_rawvalue&lt;/field_name&gt;&lt;field_name&gt;v147_race_aian&lt;/field_name&gt;&lt;field_name&gt;v147_race_asian&lt;/field_name&gt;&lt;field_name&gt;v147_race_black&lt;/field_name&gt;&lt;field_name&gt;v147_race_hispanic&lt;/field_name&gt;&lt;field_name&gt;v147_race_white&lt;/field_name&gt;&lt;field_name&gt;v127_rawvalue&lt;/field_name&gt;&lt;field_name&gt;v127_numerator&lt;/field_name&gt;&lt;field_name&gt;v127_denominator&lt;/field_name&gt;&lt;field_name&gt;v127_race_aian&lt;/field_name&gt;&lt;field_name&gt;v127_race_asian&lt;/field_name&gt;&lt;field_name&gt;v127_race_black&lt;/field_name&gt;&lt;field_name&gt;v127_race_hispanic&lt;/field_name&gt;&lt;field_name&gt;v127_race_white&lt;/field_name&gt;&lt;field_name&gt;v128_rawvalue&lt;/field_name&gt;&lt;field_name&gt;v128_numerator&lt;/field_name&gt;&lt;field_name&gt;v128_denominator&lt;/field_name&gt;&lt;field_name&gt;v128_race_aian&lt;/field_name&gt;&lt;field_name&gt;v128_race_asian&lt;/field_name&gt;&lt;field_name&gt;v128_race_black&lt;/field_name&gt;&lt;field_name&gt;v128_race_hispanic&lt;/field_name&gt;&lt;field_name&gt;v128_race_white&lt;/field_name&gt;&lt;field_name&gt;v129_rawvalue&lt;/field_name&gt;&lt;field_name&gt;v129_numerator&lt;/field_name&gt;&lt;field_name&gt;v129_denominator&lt;/field_name&gt;&lt;field_name&gt;v129_race_aian&lt;/field_name&gt;&lt;field_name&gt;v129_race_asian&lt;/field_name&gt;&lt;field_name&gt;v129_race_black&lt;/field_name&gt;&lt;field_name&gt;v129_race_hispanic&lt;/field_name&gt;&lt;field_name&gt;v129_race_white&lt;/field_name&gt;&lt;field_name&gt;v144_rawvalue&lt;/field_name&gt;&lt;field_name&gt;v144_numerator&lt;/field_name&gt;&lt;field_name&gt;v144_denominator&lt;/field_name&gt;&lt;field_name&gt;v145_rawvalue&lt;/field_name&gt;&lt;field_name&gt;v145_numerator&lt;/field_name&gt;&lt;field_name&gt;v145_denominator&lt;/field_name&gt;&lt;field_name&gt;v060_rawvalue&lt;/field_name&gt;&lt;field_name&gt;v060_numerator&lt;/field_name&gt;&lt;field_name&gt;v060_denominator&lt;/field_name&gt;&lt;field_name&gt;v061_rawvalue&lt;/field_name&gt;&lt;field_name&gt;v061_numerator&lt;/field_name&gt;&lt;field_name&gt;v061_denominator&lt;/field_name&gt;&lt;field_name&gt;v139_rawvalue&lt;/field_name&gt;&lt;field_name&gt;v139_numerator&lt;/field_name&gt;&lt;field_name&gt;v139_denominator&lt;/field_name&gt;&lt;field_name&gt;v083_rawvalue&lt;/field_name&gt;&lt;field_name&gt;v083_numerator&lt;/field_name&gt;&lt;field_name&gt;v083_denominator&lt;/field_name&gt;&lt;field_name&gt;v138_rawvalue&lt;/field_name&gt;&lt;field_name&gt;v138_numerator&lt;/field_name&gt;&lt;field_name&gt;v138_denominator&lt;/field_name&gt;&lt;field_name&gt;v138_race_aian&lt;/field_name&gt;&lt;field_name&gt;v138_race_asian&lt;/field_name&gt;&lt;field_name&gt;v138_race_black&lt;/field_name&gt;&lt;field_name&gt;v138_race_hispanic&lt;/field_name&gt;&lt;field_name&gt;v138_race_white&lt;/field_name&gt;&lt;field_name&gt;v039_rawvalue&lt;/field_name&gt;&lt;field_name&gt;v039_numerator&lt;/field_name&gt;&lt;field_name&gt;v039_denominator&lt;/field_name&gt;&lt;field_name&gt;v039_race_aian&lt;/field_name&gt;&lt;field_name&gt;v039_race_asian&lt;/field_name&gt;&lt;field_name&gt;v039_race_black&lt;/field_name&gt;&lt;field_name&gt;v039_race_hispanic&lt;/field_name&gt;&lt;field_name&gt;v039_race_white&lt;/field_name&gt;&lt;field_name&gt;v143_rawvalue&lt;/field_name&gt;&lt;field_name&gt;v143_numerator&lt;/field_name&gt;&lt;field_name&gt;v143_denominator&lt;/field_name&gt;&lt;field_name&gt;v003_rawvalue&lt;/field_name&gt;&lt;field_name&gt;v003_numerator&lt;/field_name&gt;&lt;field_name&gt;v003_denominator&lt;/field_name&gt;&lt;field_name&gt;v122_rawvalue&lt;/field_name&gt;&lt;field_name&gt;v122_numerator&lt;/field_name&gt;&lt;field_name&gt;v122_denominator&lt;/field_name&gt;&lt;field_name&gt;v131_rawvalue&lt;/field_name&gt;&lt;field_name&gt;v131_numerator&lt;/field_name&gt;&lt;field_name&gt;v131_denominator&lt;/field_name&gt;&lt;field_name&gt;v131_other_data_1&lt;/field_name&gt;&lt;field_name&gt;v021_numerator&lt;/field_name&gt;&lt;field_name&gt;v021_denominator&lt;/field_name&gt;&lt;field_name&gt;v149_rawvalue&lt;/field_name&gt;&lt;field_name&gt;v149_numerator&lt;/field_name&gt;&lt;field_name&gt;v149_denominator&lt;/field_name&gt;&lt;field_name&gt;v159_race_aian&lt;/field_name&gt;&lt;field_name&gt;v159_race_asian&lt;/field_name&gt;&lt;field_name&gt;v159_race_black&lt;/field_name&gt;&lt;field_name&gt;v159_race_hispanic&lt;/field_name&gt;&lt;field_name&gt;v159_race_white&lt;/field_name&gt;&lt;field_name&gt;v160_race_aian&lt;/field_name&gt;&lt;field_name&gt;v160_race_asian&lt;/field_name&gt;&lt;field_name&gt;v160_race_black&lt;/field_name&gt;&lt;field_name&gt;v160_race_hispanic&lt;/field_name&gt;&lt;field_name&gt;v160_race_white&lt;/field_name&gt;&lt;field_name&gt;v167_rawvalue&lt;/field_name&gt;&lt;field_name&gt;v167_numerator&lt;/field_name&gt;&lt;field_name&gt;v167_denominator&lt;/field_name&gt;&lt;field_name&gt;v169_rawvalue&lt;/field_name&gt;&lt;field_name&gt;v169_numerator&lt;/field_name&gt;&lt;field_name&gt;v169_denominator&lt;/field_name&gt;&lt;field_name&gt;v151_rawvalue&lt;/field_name&gt;&lt;field_name&gt;v151_numerator&lt;/field_name&gt;&lt;field_name&gt;v151_denominator&lt;/field_name&gt;&lt;field_name&gt;v063_race_aian&lt;/field_name&gt;&lt;field_name&gt;v063_race_asian&lt;/field_name&gt;&lt;field_name&gt;v063_race_black&lt;/field_name&gt;&lt;field_name&gt;v063_race_hispanic&lt;/field_name&gt;&lt;field_name&gt;v063_race_white&lt;/field_name&gt;&lt;field_name&gt;v170_rawvalue&lt;/field_name&gt;&lt;field_name&gt;v170_numerator&lt;/field_name&gt;&lt;field_name&gt;v170_denominator&lt;/field_name&gt;&lt;field_name&gt;v065_rawvalue&lt;/field_name&gt;&lt;field_name&gt;v065_numerator&lt;/field_name&gt;&lt;field_name&gt;v065_denominator&lt;/field_name&gt;&lt;field_name&gt;v141_rawvalue&lt;/field_name&gt;&lt;field_name&gt;v142_rawvalue&lt;/field_name&gt;&lt;field_name&gt;v171_rawvalue&lt;/field_name&gt;&lt;field_name&gt;v171_numerator&lt;/field_name&gt;&lt;field_name&gt;v171_denominator&lt;/field_name&gt;&lt;field_name&gt;v172_rawvalue&lt;/field_name&gt;&lt;field_name&gt;v172_numerator&lt;/field_name&gt;&lt;field_name&gt;v172_denominator&lt;/field_name&gt;&lt;field_name&gt;v015_rawvalue&lt;/field_name&gt;&lt;field_name&gt;v015_numerator&lt;/field_name&gt;&lt;field_name&gt;v015_denominator&lt;/field_name&gt;&lt;field_name&gt;v015_race_aian&lt;/field_name&gt;&lt;field_name&gt;v015_race_asian&lt;/field_name&gt;&lt;field_name&gt;v015_race_black&lt;/field_name&gt;&lt;field_name&gt;v015_race_hispanic&lt;/field_name&gt;&lt;field_name&gt;v015_race_white&lt;/field_name&gt;&lt;field_name&gt;v161_rawvalue&lt;/field_name&gt;&lt;field_name&gt;v161_numerator&lt;/field_name&gt;&lt;field_name&gt;v161_denominator&lt;/field_name&gt;&lt;field_name&gt;v161_other_data_1&lt;/field_name&gt;&lt;field_name&gt;v161_race_aian&lt;/field_name&gt;&lt;field_name&gt;v161_race_asian&lt;/field_name&gt;&lt;field_name&gt;v161_race_black&lt;/field_name&gt;&lt;field_name&gt;v161_race_hispanic&lt;/field_name&gt;&lt;field_name&gt;v161_race_white&lt;/field_name&gt;&lt;field_name&gt;v148_rawvalue&lt;/field_name&gt;&lt;field_name&gt;v148_numerator&lt;/field_name&gt;&lt;field_name&gt;v148_denominator&lt;/field_name&gt;&lt;field_name&gt;v148_race_aian&lt;/field_name&gt;&lt;field_name&gt;v148_race_asian&lt;/field_name&gt;&lt;field_name&gt;v148_race_black&lt;/field_name&gt;&lt;field_name&gt;v148_race_hispanic&lt;/field_name&gt;&lt;field_name&gt;v148_race_white&lt;/field_name&gt;&lt;field_name&gt;v158_rawvalue&lt;/field_name&gt;&lt;field_name&gt;v158_numerator&lt;/field_name&gt;&lt;field_name&gt;v158_denominator&lt;/field_name&gt;&lt;field_name&gt;v158_other_data_1&lt;/field_name&gt;&lt;field_name&gt;v158_other_data_2&lt;/field_name&gt;&lt;field_name&gt;v156_rawvalue&lt;/field_name&gt;&lt;field_name&gt;v153_rawvalue&lt;/field_name&gt;&lt;field_name&gt;v153_numerator&lt;/field_name&gt;&lt;field_name&gt;v153_denominator&lt;/field_name&gt;&lt;field_name&gt;v154_rawvalue&lt;/field_name&gt;&lt;field_name&gt;v154_numerator&lt;/field_name&gt;&lt;field_name&gt;v154_denominator&lt;/field_name&gt;&lt;field_name&gt;v166_rawvalue&lt;/field_name&gt;&lt;field_name&gt;v166_numerator&lt;/field_name&gt;&lt;field_name&gt;v166_denominator&lt;/field_name&gt;&lt;field_name&gt;v051_rawvalue&lt;/field_name&gt;&lt;field_name&gt;v051_numerator&lt;/field_name&gt;&lt;field_name&gt;v051_denominator&lt;/field_name&gt;&lt;field_name&gt;v052_rawvalue&lt;/field_name&gt;&lt;field_name&gt;v052_numerator&lt;/field_name&gt;&lt;field_name&gt;v053_rawvalue&lt;/field_name&gt;&lt;field_name&gt;v053_numerator&lt;/field_name&gt;&lt;field_name&gt;v054_rawvalue&lt;/field_name&gt;&lt;field_name&gt;v054_numerator&lt;/field_name&gt;&lt;field_name&gt;v055_rawvalue&lt;/field_name&gt;&lt;field_name&gt;v055_numerator&lt;/field_name&gt;&lt;field_name&gt;v081_rawvalue&lt;/field_name&gt;&lt;field_name&gt;v081_numerator&lt;/field_name&gt;&lt;field_name&gt;v081_denominator&lt;/field_name&gt;&lt;field_name&gt;v080_rawvalue&lt;/field_name&gt;&lt;field_name&gt;v080_numerator&lt;/field_name&gt;&lt;field_name&gt;v080_denominator&lt;/field_name&gt;&lt;field_name&gt;v056_rawvalue&lt;/field_name&gt;&lt;field_name&gt;v056_numerator&lt;/field_name&gt;&lt;field_name&gt;v126_rawvalue&lt;/field_name&gt;&lt;field_name&gt;v126_numerator&lt;/field_name&gt;&lt;field_name&gt;v126_denominator&lt;/field_name&gt;&lt;field_name&gt;v059_rawvalue&lt;/field_name&gt;&lt;field_name&gt;v059_numerator&lt;/field_name&gt;&lt;field_name&gt;v057_rawvalue&lt;/field_name&gt;&lt;field_name&gt;v057_numerator&lt;/field_name&gt;&lt;field_name&gt;v058_rawvalue&lt;/field_name&gt;&lt;field_name&gt;v058_numerator&lt;/field_name&gt;&lt;field_name&gt;v159_other_data_1&lt;/field_name&gt;&lt;field_name&gt;Health_Outcomes_Rank&lt;/field_name&gt;&lt;field_name&gt;Health_Factors_Rank&lt;/field_name&gt;&lt;field_name&gt;Outcomes_LengthOfLife_subrank&lt;/field_name&gt;&lt;field_name&gt;Factors_HealthBehaviors_subrank&lt;/field_name&gt;&lt;field_name&gt;Factors_ClinicalCare_subrank&lt;/field_name&gt;&lt;field_name&gt;Factors_PhysicalEnv_subrank&lt;/field_name&gt;&lt;/DeleteField&gt;&lt;/workflow&gt;&lt;/operationSequence&gt;</Process><Process ToolSource="c:\program files\arcgis\pro\Resources\ArcToolbox\Toolboxes\Data Management Tools.tbx\UpdateSchema" Date="20241029" Time="101546">UpdateSchema "CIMDATA=&lt;CIMStandardDataConnection xsi:type='typens:CIMStandardDataConnection' xmlns:xsi='http://www.w3.org/2001/XMLSchema-instance' xmlns:xs='http://www.w3.org/2001/XMLSchema' xmlns:typens='http://www.esri.com/schemas/ArcGIS/3.1.0'&gt;&lt;WorkspaceConnectionString&gt;DATABASE=K:\Professional\Masters\Course Information\GEOG575\Lab 2\Lab 2 Data.gdb&lt;/WorkspaceConnectionString&gt;&lt;WorkspaceFactory&gt;FileGDB&lt;/WorkspaceFactory&gt;&lt;Dataset&gt;County_Health_Data_2022_Education&lt;/Dataset&gt;&lt;DatasetType&gt;esriDTFeatureClass&lt;/DatasetType&gt;&lt;/CIMStandardDataConnection&gt;" &lt;operationSequence&gt;&lt;workflow&gt;&lt;DeleteField&gt;&lt;field_name&gt;v021_rawvalue&lt;/field_name&gt;&lt;/DeleteField&gt;&lt;/workflow&gt;&lt;/operationSequence&gt;</Process><Process ToolSource="c:\program files\arcgis\pro\Resources\ArcToolbox\toolboxes\Data Management Tools.tbx\AddRelate" Date="20241112" Time="160155">AddRelate County_Health_Data_2022_Education FIPS County_Health_Data_2022_Education.csv FIPS Relate1 "One to many"</Process><Process ToolSource="c:\program files\arcgis\pro\Resources\ArcToolbox\toolboxes\Conversion Tools.tbx\ExportFeatures" Date="20241118" Time="124148">ExportFeatures County_Health_Data_2022_Education "K:\Professional\Masters\Course Information\GEOG575\Lab 2\Unit-3\newdata\Counties.shp" # NOT_USE_ALIAS "FIPS "County FIPS" true true false 5 Text 0 0,First,#,County_Health_Data_2022_Education,FIPS,0,5;STATE "State" true true false 2 Text 0 0,First,#,County_Health_Data_2022_Education,STATE,0,2;county "Name" true true false 2147483647 Text 0 0,First,#,County_Health_Data_2022_Education,county,0,2147483647;v168_rawvalue "% High school completion" true true false 8 Double 0 0,First,#,County_Health_Data_2022_Education,v168_rawvalue,-1,-1;v024_rawvalue "% Children in poverty" true true false 8 Double 0 0,First,#,County_Health_Data_2022_Education,v024_rawvalue,-1,-1;v082_rawvalue "% of children that live in a household headed by single parent" true true false 8 Double 0 0,First,#,County_Health_Data_2022_Education,v082_rawvalue,-1,-1;v159_rawvalue "Reading scores" true true false 8 Double 0 0,First,#,County_Health_Data_2022_Education,v159_rawvalue,-1,-1;v160_rawvalue "Math scores" true true false 8 Double 0 0,First,#,County_Health_Data_2022_Education,v160_rawvalue,-1,-1;v063_rawvalue "Median household income" true true false 4 Long 0 0,First,#,County_Health_Data_2022_Education,v063_rawvalue,-1,-1;Outcomes_QualityOfLife_subrank "State Subranking of Quality of Life" true true false 4 Long 0 0,First,#,County_Health_Data_2022_Education,Outcomes_QualityOfLife_subrank,-1,-1;Factors_SocEconEnv_subrank "State Subranking of Social and Economic Environment" true true false 4 Long 0 0,First,#,County_Health_Data_2022_Education,Factors_SocEconEnv_subrank,-1,-1;Shape_Length "Shape_Length" false true true 8 Double 0 0,First,#,County_Health_Data_2022_Education,Shape_Length,-1,-1;Shape_Area "Shape_Area" false true true 8 Double 0 0,First,#,County_Health_Data_2022_Education,Shape_Area,-1,-1" #</Process><Process ToolSource="c:\program files\arcgis\pro\Resources\ArcToolbox\toolboxes\Data Management Tools.tbx\UpdateSchema" Date="20241118" Time="124305">UpdateSchema "CIMDATA=&lt;CIMStandardDataConnection xsi:type='typens:CIMStandardDataConnection' xmlns:xsi='http://www.w3.org/2001/XMLSchema-instance' xmlns:xs='http://www.w3.org/2001/XMLSchema' xmlns:typens='http://www.esri.com/schemas/ArcGIS/3.1.0'&gt;&lt;WorkspaceConnectionString&gt;DATABASE=K:\Professional\Masters\Course Information\GEOG575\Lab 2\Unit-3\newdata&lt;/WorkspaceConnectionString&gt;&lt;WorkspaceFactory&gt;Shapefile&lt;/WorkspaceFactory&gt;&lt;Dataset&gt;Counties&lt;/Dataset&gt;&lt;DatasetType&gt;esriDTFeatureClass&lt;/DatasetType&gt;&lt;/CIMStandardDataConnection&gt;" &lt;operationSequence&gt;&lt;workflow&gt;&lt;AddField&gt;&lt;field_name&gt;FIPS2&lt;/field_name&gt;&lt;field_type&gt;TEXT&lt;/field_type&gt;&lt;field_length&gt;10&lt;/field_length&gt;&lt;field_is_nullable&gt;False&lt;/field_is_nullable&gt;&lt;field_is_required&gt;False&lt;/field_is_required&gt;&lt;/AddField&gt;&lt;/workflow&gt;&lt;/operationSequence&gt;</Process><Process ToolSource="c:\program files\arcgis\pro\Resources\ArcToolbox\toolboxes\Data Management Tools.tbx\CalculateField" Date="20241118" Time="124326">CalculateField Counties FIPS2 Concatenate('F',$feature.FIPS) Arcade # Text NO_ENFORCE_DOMAINS</Process></lineage></DataProperties><SyncDate>20241118</SyncDate><SyncTime>12414600</SyncTime><ModDate>20241118</ModDate><ModTime>12414600</ModTime></Esri><dataIdInfo><envirDesc Sync="FALSE">Esri ArcGIS 13.0.0.36056</envirDesc><dataLang><languageCode value="eng" Sync="TRUE"/><countryCode value="USA" Sync="TRUE"/></dataLang><idCitation><resTitle Sync="TRUE">Counties</resTitle><presForm><PresFormCd value="005" Sync="TRUE"/></presForm></idCitation><spatRpType><SpatRepTypCd value="001" Sync="TRUE"/></spatRpType></dataIdInfo><mdLang><languageCode value="eng" Sync="TRUE"/><countryCode value="USA" Sync="TRUE"/></mdLang><distInfo><distFormat><formatName Sync="TRUE">Shapefile</formatName></distFormat><distTranOps><transSize Sync="TRUE">0.000</transSize></distTranOps></distInfo><mdHrLv><ScopeCd value="005" Sync="TRUE"/></mdHrLv><mdHrLvName Sync="TRUE">dataset</mdHrLvName><refSysInfo><RefSystem><refSysID><identCode code="4326" Sync="TRUE"/><idCodeSpace Sync="TRUE">EPSG</idCodeSpace><idVersion Sync="TRUE">6.2(3.0.1)</idVersion></refSysID></RefSystem></refSysInfo><spatRepInfo><VectSpatRep><geometObjs Name="Counties"><geoObjTyp><GeoObjTypCd value="002" Sync="TRUE"></GeoObjTypCd></geoObjTyp><geoObjCnt Sync="TRUE">0</geoObjCnt></geometObjs><topLvl><TopoLevCd value="001" Sync="TRUE"></TopoLevCd></topLvl></VectSpatRep></spatRepInfo><spdoinfo><ptvctinf><esriterm Name="Counties"><efeatyp Sync="TRUE">Simple</efeatyp><efeageom code="4" Sync="TRUE"></efeageom><esritopo Sync="TRUE">FALSE</esritopo><efeacnt Sync="TRUE">0</efeacnt><spindex Sync="TRUE">FALSE</spindex><linrefer Sync="TRUE">FALSE</linrefer></esriterm></ptvctinf></spdoinfo><eainfo><detailed Name="Counties"><enttyp><enttypl Sync="TRUE">Counties</enttypl><enttypt Sync="TRUE">Feature Class</enttypt><enttypc Sync="TRUE">0</enttypc></enttyp><attr><attrlabl Sync="TRUE">FID</attrlabl><attalias Sync="TRUE">FID</attalias><attrtype Sync="TRUE">OID</attrtype><attwidth Sync="TRUE">4</attwidth><atprecis Sync="TRUE">0</atprecis><attscale Sync="TRUE">0</attscale><attrdef Sync="TRUE">Internal feature number.</attrdef><attrdefs Sync="TRUE">Esri</attrdefs><attrdomv><udom Sync="TRUE">Sequential unique whole numbers that are automatically generated.</udom></attrdomv></attr><attr><attrlabl Sync="TRUE">Shape</attrlabl><attalias Sync="TRUE">Shape</attalias><attrtype Sync="TRUE">Geometry</attrtype><attwidth Sync="TRUE">0</attwidth><atprecis Sync="TRUE">0</atprecis><attscale Sync="TRUE">0</attscale><attrdef Sync="TRUE">Feature geometry.</attrdef><attrdefs Sync="TRUE">Esri</attrdefs><attrdomv><udom Sync="TRUE">Coordinates defining the features.</udom></attrdomv></attr><attr><attrlabl Sync="TRUE">FIPS</attrlabl><attalias Sync="TRUE">FIPS</attalias><attrtype Sync="TRUE">String</attrtype><attwidth Sync="TRUE">5</attwidth><atprecis Sync="TRUE">0</atprecis><attscale Sync="TRUE">0</attscale></attr><attr><attrlabl Sync="TRUE">COUNTY</attrlabl><attalias Sync="TRUE">county</attalias><attrtype Sync="TRUE">String</attrtype><attwidth Sync="TRUE">254</attwidth><atprecis Sync="TRUE">0</atprecis><attscale Sync="TRUE">0</attscale></attr><attr><attrlabl Sync="TRUE">STATE</attrlabl><attalias Sync="TRUE">STATE</attalias><attrtype Sync="TRUE">String</attrtype><attwidth Sync="TRUE">2</attwidth><atprecis Sync="TRUE">0</atprecis><attscale Sync="TRUE">0</attscale></attr><attr><attrlabl Sync="TRUE">v168_rawva</attrlabl><attalias Sync="TRUE">v168_rawva</attalias><attrtype Sync="TRUE">Double</attrtype><attwidth Sync="TRUE">19</attwidth><atprecis Sync="TRUE">0</atprecis><attscale Sync="TRUE">0</attscale></attr><attr><attrlabl Sync="TRUE">v024_rawva</attrlabl><attalias Sync="TRUE">v024_rawva</attalias><attrtype Sync="TRUE">Double</attrtype><attwidth Sync="TRUE">19</attwidth><atprecis Sync="TRUE">0</atprecis><attscale Sync="TRUE">0</attscale></attr><attr><attrlabl Sync="TRUE">v082_rawva</attrlabl><attalias Sync="TRUE">v082_rawva</attalias><attrtype Sync="TRUE">Double</attrtype><attwidth Sync="TRUE">19</attwidth><atprecis Sync="TRUE">0</atprecis><attscale Sync="TRUE">0</attscale></attr><attr><attrlabl Sync="TRUE">v159_rawva</attrlabl><attalias Sync="TRUE">v159_rawva</attalias><attrtype Sync="TRUE">Double</attrtype><attwidth Sync="TRUE">19</attwidth><atprecis Sync="TRUE">0</atprecis><attscale Sync="TRUE">0</attscale></attr><attr><attrlabl Sync="TRUE">v160_rawva</attrlabl><attalias Sync="TRUE">v160_rawva</attalias><attrtype Sync="TRUE">Double</attrtype><attwidth Sync="TRUE">19</attwidth><atprecis Sync="TRUE">0</atprecis><attscale Sync="TRUE">0</attscale></attr><attr><attrlabl Sync="TRUE">v063_rawva</attrlabl><attalias Sync="TRUE">v063_rawva</attalias><attrtype Sync="TRUE">Integer</attrtype><attwidth Sync="TRUE">10</attwidth><atprecis Sync="TRUE">10</atprecis><attscale Sync="TRUE">0</attscale></attr><attr><attrlabl Sync="TRUE">Outcomes_Q</attrlabl><attalias Sync="TRUE">Outcomes_Q</attalias><attrtype Sync="TRUE">Integer</attrtype><attwidth Sync="TRUE">10</attwidth><atprecis Sync="TRUE">10</atprecis><attscale Sync="TRUE">0</attscale></attr><attr><attrlabl Sync="TRUE">Factors_So</attrlabl><attalias Sync="TRUE">Factors_So</attalias><attrtype Sync="TRUE">Integer</attrtype><attwidth Sync="TRUE">10</attwidth><atprecis Sync="TRUE">10</atprecis><attscale Sync="TRUE">0</attscale></attr><attr><attrlabl Sync="TRUE">Shape_Leng</attrlabl><attalias Sync="TRUE">Shape_Leng</attalias><attrtype Sync="TRUE">Double</attrtype><attwidth Sync="TRUE">19</attwidth><atprecis Sync="TRUE">0</atprecis><attscale Sync="TRUE">0</attscale></attr><attr><attrlabl Sync="TRUE">Shape_Area</attrlabl><attalias Sync="TRUE">Shape_Area</attalias><attrtype Sync="TRUE">Double</attrtype><attwidth Sync="TRUE">19</attwidth><atprecis Sync="TRUE">0</atprecis><attscale Sync="TRUE">0</attscale><attrdef Sync="TRUE">Area of feature in internal units squared.</attrdef><attrdefs Sync="TRUE">Esri</attrdefs><attrdomv><udom Sync="TRUE">Positive real numbers that are automatically generated.</udom></attrdomv></attr></detailed></eainfo><mdDateSt Sync="TRUE">20241118</mdDateSt></metadata>
